dataset,trees,family,mode,worker,buffer,threads,bt,transposed,bitmask,cached,mapped,devreduce,crossreduce,features,real_time_ns,cpu_time_ns,iterations,items_per_second,name
higgs_d6_n500,500,cpu,,branch,compact,nothread,,,,,,,,28,3888.5051957198566,3887.9893446122037,178032,257168.2303782741,branch/compact/nothread/features:28/real_time
higgs_d6_n500,500,cpu,,bitmask,compact,nothread,,,,,,,,28,113963.22001682111,113948.72126772313,5995,8774.760838210774,bitmask/compact/nothread/features:28/real_time
higgs_d6_n500,500,cpu,,branch,compact,1,,,,,,,,28,4115.772143998173,4115.273500732345,171367,242967.77494309313,branch/compact/threads:1/features:28/real_time
higgs_d6_n500,500,cpu,,bitmask,compact,1,,,,,,,,28,112560.52785537351,112554.03122432219,6085,8884.109012751589,bitmask/compact/threads:1/features:28/real_time
higgs_d6_n500,500,cpu,,branch,compact,2,,,,,,,,28,2270.4453906071067,2270.4214607460126,287716,440442.2163761466,branch/compact/threads:2/features:28/real_time
higgs_d6_n500,500,cpu,,bitmask,compact,2,,,,,,,,28,58115.42058122953,58112.56487695746,11622,17207.136935407227,bitmask/compact/threads:2/features:28/real_time
higgs_d6_n500,500,cpu,,branch,compact,4,,,,,,,,28,1379.0127437573656,1379.0120130783084,487219,725156.4603205349,branch/compact/threads:4/features:28/real_time
higgs_d6_n500,500,cpu,,bitmask,compact,4,,,,,,,,28,30329.7661455192,30329.657173418927,22437,32970.91033284264,bitmask/compact/threads:4/features:28/real_time
higgs_d6_n500,500,cuda,oneshot,cuda,compact,,256,0,0,0,0,0,,28,12154.959116636674,12153.75108596458,54790,82270.94722443658,cuda/oneshot/compact/bt:256/transposed:0/bitmask:0/cached:0/mapped:0/devreduce:0/features:28/real_time
higgs_d6_n500,500,cuda,oneshot,cuda,compact,,256,1,0,0,0,0,,28,11935.529149293763,11934.437866910985,58938,83783.46594370899,cuda/oneshot/compact/bt:256/transposed:1/bitmask:0/cached:0/mapped:0/devreduce:0/features:28/real_time
higgs_d6_n500,500,cuda,oneshot,cuda,compact,,256,0,1,0,0,0,,28,16498.74058754632,16496.594858575347,42284,60610.68690023686,cuda/oneshot/compact/bt:256/transposed:0/bitmask:1/cached:0/mapped:0/devreduce:0/features:28/real_time
higgs_d6_n500,500,cuda,oneshot,cuda,compact,,256,1,1,0,0,0,,28,14774.600063768647,14774.01359037173,46945,67683.72718610996,cuda/oneshot/compact/bt:256/transposed:1/bitmask:1/cached:0/mapped:0/devreduce:0/features:28/real_time
higgs_d6_n500,500,cuda,oneshot,cuda,compact,,256,0,0,0,1,0,,28,8660.122132398981,8659.375976611094,80380,115471.8126039852,cuda/oneshot/compact/bt:256/transposed:0/bitmask:0/cached:0/mapped:1/devreduce:0/features:28/real_time
higgs_d6_n500,500,cuda,oneshot,cuda,compact,,256,1,0,0,1,0,,28,8509.591372101895,8508.806563917033,80714,117514.45589719276,cuda/oneshot/compact/bt:256/transposed:1/bitmask:0/cached:0/mapped:1/devreduce:0/features:28/real_time
higgs_d6_n500,500,cuda,oneshot,cuda,compact,,256,0,1,0,1,0,,28,13345.977101781882,13343.647875197308,48781,74928.94618157897,cuda/oneshot/compact/bt:256/transposed:0/bitmask:1/cached:0/mapped:1/devreduce:0/features:28/real_time
higgs_d6_n500,500,cuda,oneshot,cuda,compact,,256,1,1,0,1,0,,28,11135.107206335291,11134.300220354184,61265,89806.05049146294,cuda/oneshot/compact/bt:256/transposed:1/bitmask:1/cached:0/mapped:1/devreduce:0/features:28/real_time
higgs_d6_n500,500,cuda,oneshot,cuda,compact,,256,0,0,0,0,1,,28,13772.258118596497,13771.042557792101,50872,72609.73410378602,cuda/oneshot/compact/bt:256/transposed:0/bitmask:0/cached:0/mapped:0/devreduce:1/features:28/real_time
higgs_d6_n500,500,cuda,oneshot,cuda,compact,,256,1,0,0,0,1,,28,13457.100953398427,13455.552761257391,52965,74310.21016064103,cuda/oneshot/compact/bt:256/transposed:1/bitmask:0/cached:0/mapped:0/devreduce:1/features:28/real_time
higgs_d6_n500,500,cuda,oneshot,cuda,compact,,256,0,1,0,0,1,,28,18063.7357377375,18062.195813311468,39124,55359.53440189393,cuda/oneshot/compact/bt:256/transposed:0/bitmask:1/cached:0/mapped:0/devreduce:1/features:28/real_time
higgs_d6_n500,500,cuda,oneshot,cuda,compact,,256,1,1,0,0,1,,28,16251.380163997785,16248.92133590947,43476,61533.23532578069,cuda/oneshot/compact/bt:256/transposed:1/bitmask:1/cached:0/mapped:0/devreduce:1/features:28/real_time
higgs_d6_n500,500,cuda,oneshot,cuda,compact,,256,0,0,0,1,1,,28,11402.348734558896,11400.676675745694,60212,87701.22921860321,cuda/oneshot/compact/bt:256/transposed:0/bitmask:0/cached:0/mapped:1/devreduce:1/features:28/real_time
higgs_d6_n500,500,cuda,oneshot,cuda,compact,,256,1,0,0,1,1,,28,11269.459180558395,11268.235411129814,61331,88735.40282440161,cuda/oneshot/compact/bt:256/transposed:1/bitmask:0/cached:0/mapped:1/devreduce:1/features:28/real_time
higgs_d6_n500,500,cuda,oneshot,cuda,compact,,256,0,1,0,1,1,,28,15849.540374885291,15847.710128213863,44223,63093.31225683807,cuda/oneshot/compact/bt:256/transposed:0/bitmask:1/cached:0/mapped:1/devreduce:1/features:28/real_time
higgs_d6_n500,500,cuda,oneshot,cuda,compact,,256,1,1,0,1,1,,28,14082.142589277484,14081.12672552661,49043,71011.92120873896,cuda/oneshot/compact/bt:256/transposed:1/bitmask:1/cached:0/mapped:1/devreduce:1/features:28/real_time
higgs_d6_n500,500,cuda,persistent,cuda,compact,,256,0,0,0,0,0,0,28,13533.101715859073,13532.382906597955,52804,73892.89026240948,cuda/persistent/compact/bt:256/transposed:0/bitmask:0/cached:0/mapped:0/devreduce:0/crossreduce:0/features:28/real_time
higgs_d6_n500,500,cuda,persistent,cuda,compact,,256,1,0,0,0,0,0,28,13041.52157196484,13040.596549316873,50135,76678.16937478252,cuda/persistent/compact/bt:256/transposed:1/bitmask:0/cached:0/mapped:0/devreduce:0/crossreduce:0/features:28/real_time
higgs_d6_n500,500,cuda,persistent,cuda,compact,,256,0,1,0,0,0,0,28,19017.74953935918,19016.38057988264,35283,52582.457137233694,cuda/persistent/compact/bt:256/transposed:0/bitmask:1/cached:0/mapped:0/devreduce:0/crossreduce:0/features:28/real_time
higgs_d6_n500,500,cuda,persistent,cuda,compact,,256,1,1,0,0,0,0,28,17709.481557830266,17707.31598818919,41318,56466.92686821478,cuda/persistent/compact/bt:256/transposed:1/bitmask:1/cached:0/mapped:0/devreduce:0/crossreduce:0/features:28/real_time
higgs_d6_n500,500,cuda,persistent,cuda,compact,,256,0,0,0,1,0,0,28,7652.776695702484,7651.12699062649,90361,130671.52482857142,cuda/persistent/compact/bt:256/transposed:0/bitmask:0/cached:0/mapped:1/devreduce:0/crossreduce:0/features:28/real_time
higgs_d6_n500,500,cuda,persistent,cuda,compact,,256,1,0,0,1,0,0,28,7672.389868518651,7671.69528378825,94419,130337.48507791552,cuda/persistent/compact/bt:256/transposed:1/bitmask:0/cached:0/mapped:1/devreduce:0/crossreduce:0/features:28/real_time
higgs_d6_n500,500,cuda,persistent,cuda,compact,,256,0,1,0,1,0,0,28,11655.270545322017,11654.33633698657,60038,85798.0941850691,cuda/persistent/compact/bt:256/transposed:0/bitmask:1/cached:0/mapped:1/devreduce:0/crossreduce:0/features:28/real_time
higgs_d6_n500,500,cuda,persistent,cuda,compact,,256,1,1,0,1,0,0,28,9763.293539584574,9762.666299712972,71762,102424.45297230607,cuda/persistent/compact/bt:256/transposed:1/bitmask:1/cached:0/mapped:1/devreduce:0/crossreduce:0/features:28/real_time
higgs_d6_n500,500,cuda,persistent,cuda,compact,,256,0,0,0,0,1,0,28,14471.426685897211,14470.355846566306,48490,69101.6871871055,cuda/persistent/compact/bt:256/transposed:0/bitmask:0/cached:0/mapped:0/devreduce:1/crossreduce:0/features:28/real_time
higgs_d6_n500,500,cuda,persistent,cuda,compact,,256,1,0,0,0,1,0,28,13948.244732929124,13945.533222162188,42577,71693.60870469904,cuda/persistent/compact/bt:256/transposed:1/bitmask:0/cached:0/mapped:0/devreduce:1/crossreduce:0/features:28/real_time
higgs_d6_n500,500,cuda,persistent,cuda,compact,,256,0,1,0,0,1,0,28,21688.453994168132,21686.573206190405,31985,46107.481901148545,cuda/persistent/compact/bt:256/transposed:0/bitmask:1/cached:0/mapped:0/devreduce:1/crossreduce:0/features:28/real_time
higgs_d6_n500,500,cuda,persistent,cuda,compact,,256,1,1,0,0,1,0,28,17032.607394005794,17031.451778179602,39816,58710.91705853124,cuda/persistent/compact/bt:256/transposed:1/bitmask:1/cached:0/mapped:0/devreduce:1/crossreduce:0/features:28/real_time
higgs_d6_n500,500,cuda,persistent,cuda,compact,,256,0,0,0,1,1,0,28,7578.158049552154,7577.99053491728,92762,131958.187393452,cuda/persistent/compact/bt:256/transposed:0/bitmask:0/cached:0/mapped:1/devreduce:1/crossreduce:0/features:28/real_time
higgs_d6_n500,500,cuda,persistent,cuda,compact,,256,1,0,0,1,1,0,28,7947.846871248436,7946.802484804744,85882,125820.23989635843,cuda/persistent/compact/bt:256/transposed:1/bitmask:0/cached:0/mapped:1/devreduce:1/crossreduce:0/features:28/real_time
higgs_d6_n500,500,cuda,persistent,cuda,compact,,256,0,1,0,1,1,0,28,11632.746348371085,11631.69836453406,58332,85964.22289737525,cuda/persistent/compact/bt:256/transposed:0/bitmask:1/cached:0/mapped:1/devreduce:1/crossreduce:0/features:28/real_time
higgs_d6_n500,500,cuda,persistent,cuda,compact,,256,1,1,0,1,1,0,28,9748.691324614812,9748.078256904817,72377,102577.87088560953,cuda/persistent/compact/bt:256/transposed:1/bitmask:1/cached:0/mapped:1/devreduce:1/crossreduce:0/features:28/real_time
higgs_d6_n500,500,cuda,persistent,cuda,compact,,256,0,0,0,0,0,1,28,15844.390489864636,15842.80566068398,43069,63113.81940754878,cuda/persistent/compact/bt:256/transposed:0/bitmask:0/cached:0/mapped:0/devreduce:0/crossreduce:1/features:28/real_time
higgs_d6_n500,500,cuda,persistent,cuda,compact,,256,1,0,0,0,0,1,28,15686.36358808102,15685.798350506766,47166,63749.63798237028,cuda/persistent/compact/bt:256/transposed:1/bitmask:0/cached:0/mapped:0/devreduce:0/crossreduce:1/features:28/real_time
higgs_d6_n500,500,cuda,persistent,cuda,compact,,256,0,1,0,0,0,1,28,23347.962586134225,23346.10812471197,32555,42830.289637087015,cuda/persistent/compact/bt:256/transposed:0/bitmask:1/cached:0/mapped:0/devreduce:0/crossreduce:1/features:28/real_time
higgs_d6_n500,500,cuda,persistent,cuda,compact,,256,1,1,0,0,0,1,28,19685.608373126543,19684.513121663404,35590,50798.53165041789,cuda/persistent/compact/bt:256/transposed:1/bitmask:1/cached:0/mapped:0/devreduce:0/crossreduce:1/features:28/real_time
higgs_d6_n500,500,cuda,persistent,cuda,compact,,256,0,0,0,1,0,1,28,9453.268197955504,9452.511144779706,73263,105783.52153557581,cuda/persistent/compact/bt:256/transposed:0/bitmask:0/cached:0/mapped:1/devreduce:0/crossreduce:1/features:28/real_time
higgs_d6_n500,500,cuda,persistent,cuda,compact,,256,1,0,0,1,0,1,28,9184.363147378655,9183.938382608867,76407,108880.71213575803,cuda/persistent/compact/bt:256/transposed:1/bitmask:0/cached:0/mapped:1/devreduce:0/crossreduce:1/features:28/real_time
higgs_d6_n500,500,cuda,persistent,cuda,compact,,256,0,1,0,1,0,1,28,13401.897296534145,13400.378747584555,52267,74616.30080232068,cuda/persistent/compact/bt:256/transposed:0/bitmask:1/cached:0/mapped:1/devreduce:0/crossreduce:1/features:28/real_time
higgs_d6_n500,500,cuda,persistent,cuda,compact,,256,1,1,0,1,0,1,28,11556.090471773074,11555.177350006581,60936,86534.45578698104,cuda/persistent/compact/bt:256/transposed:1/bitmask:1/cached:0/mapped:1/devreduce:0/crossreduce:1/features:28/real_time
higgs_d6_n500,500,cuda,persistent,cuda,compact,,256,0,0,0,0,1,1,28,16202.477743324633,16201.199661864966,43178,61718.95532533576,cuda/persistent/compact/bt:256/transposed:0/bitmask:0/cached:0/mapped:0/devreduce:1/crossreduce:1/features:28/real_time
higgs_d6_n500,500,cuda,persistent,cuda,compact,,256,1,0,0,0,1,1,28,15961.028607175676,15959.821421261968,43975,62652.60370189582,cuda/persistent/compact/bt:256/transposed:1/bitmask:0/cached:0/mapped:0/devreduce:1/crossreduce:1/features:28/real_time
higgs_d6_n500,500,cuda,persistent,cuda,compact,,256,0,1,0,0,1,1,28,23638.60430558238,23636.963590874766,30377,42303.68202253991,cuda/persistent/compact/bt:256/transposed:0/bitmask:1/cached:0/mapped:0/devreduce:1/crossreduce:1/features:28/real_time
higgs_d6_n500,500,cuda,persistent,cuda,compact,,256,1,1,0,0,1,1,28,19939.06627321501,19936.941684240235,35565,50152.79985017866,cuda/persistent/compact/bt:256/transposed:1/bitmask:1/cached:0/mapped:0/devreduce:1/crossreduce:1/features:28/real_time
higgs_d6_n500,500,cuda,persistent,cuda,compact,,256,0,0,0,1,1,1,28,9481.343341387801,9480.572802590239,73507,105470.28664543942,cuda/persistent/compact/bt:256/transposed:0/bitmask:0/cached:0/mapped:1/devreduce:1/crossreduce:1/features:28/real_time
higgs_d6_n500,500,cuda,persistent,cuda,compact,,256,1,0,0,1,1,1,28,9201.49167560825,9200.53325147538,75741,108678.0312643055,cuda/persistent/compact/bt:256/transposed:1/bitmask:0/cached:0/mapped:1/devreduce:1/crossreduce:1/features:28/real_time
higgs_d6_n500,500,cuda,persistent,cuda,compact,,256,0,1,0,1,1,1,28,13434.319720812908,13434.227994796738,50738,74436.22161610206,cuda/persistent/compact/bt:256/transposed:0/bitmask:1/cached:0/mapped:1/devreduce:1/crossreduce:1/features:28/real_time
higgs_d6_n500,500,cuda,persistent,cuda,compact,,256,1,1,0,1,1,1,28,11548.058968493482,11547.894627211193,60490,86594.63921411343,cuda/persistent/compact/bt:256/transposed:1/bitmask:1/cached:0/mapped:1/devreduce:1/crossreduce:1/features:28/real_time
higgs_d6_n500,500,cpu,,branch,tree,nothread,,,,,,,,28,5307.484353270212,5306.876622475733,129740,188413.1790956386,branch/tree/nothread/features:28/real_time
higgs_d6_n500,500,cpu,,bitmask,tree,nothread,,,,,,,,28,110680.5759402086,110667.96191080671,6301,9035.009002304216,bitmask/tree/nothread/features:28/real_time
higgs_d6_n500,500,cpu,,branch,tree,1,,,,,,,,28,5619.395174561742,5618.690023581491,124674,177955.0946206573,branch/tree/threads:1/features:28/real_time
higgs_d6_n500,500,cpu,,bitmask,tree,1,,,,,,,,28,119064.47991602708,118675.96400151498,5278,8398.810465600427,bitmask/tree/threads:1/features:28/real_time
higgs_d6_n500,500,cpu,,branch,tree,2,,,,,,,,28,3085.7586001343216,3085.7446572436875,224416,324069.42006301804,branch/tree/threads:2/features:28/real_time
higgs_d6_n500,500,cpu,,bitmask,tree,2,,,,,,,,28,60553.01205464141,60552.83244387161,10868,16514.455120706905,bitmask/tree/threads:2/features:28/real_time
higgs_d6_n500,500,cpu,,branch,tree,4,,,,,,,,28,4543.824105825774,4543.816707886775,414846,220078.94159412332,branch/tree/threads:4/features:28/real_time
higgs_d6_n500,500,cpu,,bitmask,tree,4,,,,,,,,28,30781.02031924678,30781.146259406563,22590,32487.552057353965,bitmask/tree/threads:4/features:28/real_time
higgs_d6_n500,500,cuda,oneshot,cuda,tree,,256,0,0,0,0,0,,28,12028.972838511989,12028.421530087691,56219,83132.61767442,cuda/oneshot/tree/bt:256/transposed:0/bitmask:0/cached:0/mapped:0/devreduce:0/features:28/real_time
higgs_d6_n500,500,cuda,oneshot,cuda,tree,,256,1,0,0,0,0,,28,11770.899440133238,11769.704422019538,59656,84955.27509057378,cuda/oneshot/tree/bt:256/transposed:1/bitmask:0/cached:0/mapped:0/devreduce:0/features:28/real_time
higgs_d6_n500,500,cuda,oneshot,cuda,tree,,256,0,1,0,0,0,,28,16494.82775256096,16492.299857666338,42857,60625.064717316716,cuda/oneshot/tree/bt:256/transposed:0/bitmask:1/cached:0/mapped:0/devreduce:0/features:28/real_time
higgs_d6_n500,500,cuda,oneshot,cuda,tree,,256,1,1,0,0,0,,28,14947.577400725906,14945.288847724509,47506,66900.47311288293,cuda/oneshot/tree/bt:256/transposed:1/bitmask:1/cached:0/mapped:0/devreduce:0/features:28/real_time
higgs_d6_n500,500,cuda,oneshot,cuda,tree,,256,0,0,0,1,0,,28,8688.67736720506,8688.001879487305,79809,115092.31586552465,cuda/oneshot/tree/bt:256/transposed:0/bitmask:0/cached:0/mapped:1/devreduce:0/features:28/real_time
higgs_d6_n500,500,cuda,oneshot,cuda,tree,,256,1,0,0,1,0,,28,8496.287192807937,8495.738209253024,80190,117698.46961464472,cuda/oneshot/tree/bt:256/transposed:1/bitmask:0/cached:0/mapped:1/devreduce:0/features:28/real_time
higgs_d6_n500,500,cuda,oneshot,cuda,tree,,256,0,1,0,1,0,,28,13168.55715790382,13166.88774420741,53387,75938.46372150164,cuda/oneshot/tree/bt:256/transposed:0/bitmask:1/cached:0/mapped:1/devreduce:0/features:28/real_time
higgs_d6_n500,500,cuda,oneshot,cuda,tree,,256,1,1,0,1,0,,28,11164.907349844527,11163.841175716321,62396,89566.35005250851,cuda/oneshot/tree/bt:256/transposed:1/bitmask:1/cached:0/mapped:1/devreduce:0/features:28/real_time
higgs_d6_n500,500,cuda,oneshot,cuda,tree,,256,0,0,0,0,1,,28,13561.74471737848,13559.81805889112,49549,73736.82522710858,cuda/oneshot/tree/bt:256/transposed:0/bitmask:0/cached:0/mapped:0/devreduce:1/features:28/real_time
higgs_d6_n500,500,cuda,oneshot,cuda,tree,,256,1,0,0,0,1,,28,13370.124156779377,13369.569196173105,52474,74793.62108189144,cuda/oneshot/tree/bt:256/transposed:1/bitmask:0/cached:0/mapped:0/devreduce:1/features:28/real_time
higgs_d6_n500,500,cuda,oneshot,cuda,tree,,256,0,1,0,0,1,,28,18303.22945048778,18301.768715453825,39259,54635.167127479246,cuda/oneshot/tree/bt:256/transposed:0/bitmask:1/cached:0/mapped:0/devreduce:1/features:28/real_time
higgs_d6_n500,500,cuda,oneshot,cuda,tree,,256,1,1,0,0,1,,28,16445.221881614398,16443.612142769507,40765,60807.936019275636,cuda/oneshot/tree/bt:256/transposed:1/bitmask:1/cached:0/mapped:0/devreduce:1/features:28/real_time
higgs_d6_n500,500,cuda,oneshot,cuda,tree,,256,0,0,0,1,1,,28,11495.52598814359,11494.62718793268,59931,86990.36486293828,cuda/oneshot/tree/bt:256/transposed:0/bitmask:0/cached:0/mapped:1/devreduce:1/features:28/real_time
higgs_d6_n500,500,cuda,oneshot,cuda,tree,,256,1,0,0,1,1,,28,11230.888090295974,11229.383813581333,61496,89040.15354440652,cuda/oneshot/tree/bt:256/transposed:1/bitmask:0/cached:0/mapped:1/devreduce:1/features:28/real_time
higgs_d6_n500,500,cuda,oneshot,cuda,tree,,256,0,1,0,1,1,,28,15727.213660258516,15725.41448885915,44655,63584.05383192095,cuda/oneshot/tree/bt:256/transposed:0/bitmask:1/cached:0/mapped:1/devreduce:1/features:28/real_time
higgs_d6_n500,500,cuda,oneshot,cuda,tree,,256,1,1,0,1,1,,28,14007.978360274758,14005.655460320566,49585,71387.88869319654,cuda/oneshot/tree/bt:256/transposed:1/bitmask:1/cached:0/mapped:1/devreduce:1/features:28/real_time
higgs_d6_n500,500,cuda,persistent,cuda,tree,,256,0,0,0,0,0,0,28,13699.206183901753,13698.82516707963,53268,72996.93037506966,cuda/persistent/tree/bt:256/transposed:0/bitmask:0/cached:0/mapped:0/devreduce:0/crossreduce:0/features:28/real_time
higgs_d6_n500,500,cuda,persistent,cuda,tree,,256,1,0,0,0,0,0,28,12876.919782307097,12875.738581308346,54078,77658.32333397007,cuda/persistent/tree/bt:256/transposed:1/bitmask:0/cached:0/mapped:0/devreduce:0/crossreduce:0/features:28/real_time
higgs_d6_n500,500,cuda,persistent,cuda,tree,,256,0,1,0,0,0,0,28,19767.56614910911,19765.83832489504,34959,50587.917220404415,cuda/persistent/tree/bt:256/transposed:0/bitmask:1/cached:0/mapped:0/devreduce:0/crossreduce:0/features:28/real_time
higgs_d6_n500,500,cuda,persistent,cuda,tree,,256,1,1,0,0,0,0,28,16804.807098460667,16803.978920863312,41700,59506.78244272145,cuda/persistent/tree/bt:256/transposed:1/bitmask:1/cached:0/mapped:0/devreduce:0/crossreduce:0/features:28/real_time
higgs_d6_n500,500,cuda,persistent,cuda,tree,,256,0,0,0,1,0,0,28,7638.986192964463,7638.344490455805,90316,130907.42341189252,cuda/persistent/tree/bt:256/transposed:0/bitmask:0/cached:0/mapped:1/devreduce:0/crossreduce:0/features:28/real_time
higgs_d6_n500,500,cuda,persistent,cuda,tree,,256,1,0,0,1,0,0,28,7436.82435407814,7436.395930009689,93956,134465.99682721143,cuda/persistent/tree/bt:256/transposed:1/bitmask:0/cached:0/mapped:1/devreduce:0/crossreduce:0/features:28/real_time
higgs_d6_n500,500,cuda,persistent,cuda,tree,,256,0,1,0,1,0,0,28,11607.470206742046,11606.37456309041,59795,86151.41647481147,cuda/persistent/tree/bt:256/transposed:0/bitmask:1/cached:0/mapped:1/devreduce:0/crossreduce:0/features:28/real_time
higgs_d6_n500,500,cuda,persistent,cuda,tree,,256,1,1,0,1,0,0,28,9846.317120357542,9845.225948385309,70910,101560.81586408296,cuda/persistent/tree/bt:256/transposed:1/bitmask:1/cached:0/mapped:1/devreduce:0/crossreduce:0/features:28/real_time
higgs_d6_n500,500,cuda,persistent,cuda,tree,,256,0,0,0,0,1,0,28,13356.193105842873,13354.522390852871,53437,74871.63386118869,cuda/persistent/tree/bt:256/transposed:0/bitmask:0/cached:0/mapped:0/devreduce:1/crossreduce:0/features:28/real_time
higgs_d6_n500,500,cuda,persistent,cuda,tree,,256,1,0,0,0,1,0,28,13237.565156477709,13236.666212482512,52842,75542.59323215924,cuda/persistent/tree/bt:256/transposed:1/bitmask:0/cached:0/mapped:0/devreduce:1/crossreduce:0/features:28/real_time
higgs_d6_n500,500,cuda,persistent,cuda,tree,,256,0,1,0,0,1,0,28,19431.937221978395,19430.47503512073,34168,51461.67304765451,cuda/persistent/tree/bt:256/transposed:0/bitmask:1/cached:0/mapped:0/devreduce:1/crossreduce:0/features:28/real_time
higgs_d6_n500,500,cuda,persistent,cuda,tree,,256,1,1,0,0,1,0,28,16377.442924729841,16375.700189845737,41086,61059.593038789106,cuda/persistent/tree/bt:256/transposed:1/bitmask:1/cached:0/mapped:0/devreduce:1/crossreduce:0/features:28/real_time
higgs_d6_n500,500,cuda,persistent,cuda,tree,,256,0,0,0,1,1,0,28,7611.38180284021,7611.049601718017,91267,131382.18866209642,cuda/persistent/tree/bt:256/transposed:0/bitmask:0/cached:0/mapped:1/devreduce:1/crossreduce:0/features:28/real_time
higgs_d6_n500,500,cuda,persistent,cuda,tree,,256,1,0,0,1,1,0,28,7450.019466151597,7449.001340640768,93239,134227.83719470774,cuda/persistent/tree/bt:256/transposed:1/bitmask:0/cached:0/mapped:1/devreduce:1/crossreduce:0/features:28/real_time
higgs_d6_n500,500,cuda,persistent,cuda,tree,,256,0,1,0,1,1,0,28,11617.327705409789,11616.601495246103,60057,86078.31554362837,cuda/persistent/tree/bt:256/transposed:0/bitmask:1/cached:0/mapped:1/devreduce:1/crossreduce:0/features:28/real_time
higgs_d6_n500,500,cuda,persistent,cuda,tree,,256,1,1,0,1,1,0,28,9805.481791044893,9804.75931412279,71558,101983.77002885015,cuda/persistent/tree/bt:256/transposed:1/bitmask:1/cached:0/mapped:1/devreduce:1/crossreduce:0/features:28/real_time
higgs_d6_n500,500,cuda,persistent,cuda,tree,,256,0,0,0,0,0,1,28,16071.87448633521,16069.987177965022,42115,62220.49586376686,cuda/persistent/tree/bt:256/transposed:0/bitmask:0/cached:0/mapped:0/devreduce:0/crossreduce:1/features:28/real_time
higgs_d6_n500,500,cuda,persistent,cuda,tree,,256,1,0,0,0,0,1,28,16391.676999323143,16390.006231890762,43486,61006.570593191456,cuda/persistent/tree/bt:256/transposed:1/bitmask:0/cached:0/mapped:0/devreduce:0/crossreduce:1/features:28/real_time
higgs_d6_n500,500,cuda,persistent,cuda,tree,,256,0,1,0,0,0,1,28,23524.50681497532,23522.492870408092,31769,42508.861412704144,cuda/persistent/tree/bt:256/transposed:0/bitmask:1/cached:0/mapped:0/devreduce:0/crossreduce:1/features:28/real_time
higgs_d6_n500,500,cuda,persistent,cuda,tree,,256,1,1,0,0,0,1,28,20561.03367189316,20558.975164846936,37004,48635.687094224035,cuda/persistent/tree/bt:256/transposed:1/bitmask:1/cached:0/mapped:0/devreduce:0/crossreduce:1/features:28/real_time
higgs_d6_n500,500,cuda,persistent,cuda,tree,,256,0,0,0,1,0,1,28,9434.977661524339,9433.904961695374,69835,105988.59222295576,cuda/persistent/tree/bt:256/transposed:0/bitmask:0/cached:0/mapped:1/devreduce:0/crossreduce:1/features:28/real_time
higgs_d6_n500,500,cuda,persistent,cuda,tree,,256,1,0,0,1,0,1,28,9233.32117651974,9232.506390610104,74719,108303.3916921456,cuda/persistent/tree/bt:256/transposed:1/bitmask:0/cached:0/mapped:1/devreduce:0/crossreduce:1/features:28/real_time
higgs_d6_n500,500,cuda,persistent,cuda,tree,,256,0,1,0,1,0,1,28,13400.933159439286,13399.04289086337,52109,74621.6691108279,cuda/persistent/tree/bt:256/transposed:0/bitmask:1/cached:0/mapped:1/devreduce:0/crossreduce:1/features:28/real_time
higgs_d6_n500,500,cuda,persistent,cuda,tree,,256,1,1,0,1,0,1,28,11556.332358735173,11555.54645840293,59860,86532.64452403209,cuda/persistent/tree/bt:256/transposed:1/bitmask:1/cached:0/mapped:1/devreduce:0/crossreduce:1/features:28/real_time
higgs_d6_n500,500,cuda,persistent,cuda,tree,,256,0,0,0,0,1,1,28,16303.691966805676,16303.389210512722,39038,61335.80062945255,cuda/persistent/tree/bt:256/transposed:0/bitmask:0/cached:0/mapped:0/devreduce:1/crossreduce:1/features:28/real_time
higgs_d6_n500,500,cuda,persistent,cuda,tree,,256,1,0,0,0,1,1,28,15678.69949461912,15677.674278657048,44535,63780.80020879262,cuda/persistent/tree/bt:256/transposed:1/bitmask:0/cached:0/mapped:0/devreduce:1/crossreduce:1/features:28/real_time
higgs_d6_n500,500,cuda,persistent,cuda,tree,,256,0,1,0,0,1,1,28,22724.642591187858,22723.911286105285,32509,44005.09253279869,cuda/persistent/tree/bt:256/transposed:0/bitmask:1/cached:0/mapped:0/devreduce:1/crossreduce:1/features:28/real_time
higgs_d6_n500,500,cuda,persistent,cuda,tree,,256,1,1,0,0,1,1,28,19666.99356992779,19664.899470300177,35303,50846.612444571605,cuda/persistent/tree/bt:256/transposed:1/bitmask:1/cached:0/mapped:0/devreduce:1/crossreduce:1/features:28/real_time
higgs_d6_n500,500,cuda,persistent,cuda,tree,,256,0,0,0,1,1,1,28,9462.83763205728,9462.104374634908,73629,105676.54638945694,cuda/persistent/tree/bt:256/transposed:0/bitmask:0/cached:0/mapped:1/devreduce:1/crossreduce:1/features:28/real_time
higgs_d6_n500,500,cuda,persistent,cuda,tree,,256,1,0,0,1,1,1,28,9264.223910677476,9263.338866734672,75481,107942.12333830258,cuda/persistent/tree/bt:256/transposed:1/bitmask:0/cached:0/mapped:1/devreduce:1/crossreduce:1/features:28/real_time
higgs_d6_n500,500,cuda,persistent,cuda,tree,,256,0,1,0,1,1,1,28,13395.699142538315,13394.37362152628,52141,74650.8255641902,cuda/persistent/tree/bt:256/transposed:0/bitmask:1/cached:0/mapped:1/devreduce:1/crossreduce:1/features:28/real_time
higgs_d6_n500,500,cuda,persistent,cuda,tree,,256,1,1,0,1,1,1,28,11492.089745393841,11491.513135683537,61017,87016.37579891084,cuda/persistent/tree/bt:256/transposed:1/bitmask:1/cached:0/mapped:1/devreduce:1/crossreduce:1/features:28/real_time
higgs_d6_n5000,5000,cpu,,branch,compact,nothread,,,,,,,,28,69761.43335305853,69755.51752822341,10098,14334.567854118744,branch/compact/nothread/features:28/real_time
higgs_d6_n5000,5000,cpu,,bitmask,compact,nothread,,,,,,,,28,1143335.181539233,1143087.0589171972,628,874.6341546612202,bitmask/compact/nothread/features:28/real_time
higgs_d6_n5000,5000,cpu,,branch,compact,1,,,,,,,,28,75379.40192975193,75376.00383976752,9636,13266.223588931187,branch/compact/threads:1/features:28/real_time
higgs_d6_n5000,5000,cpu,,bitmask,compact,1,,,,,,,,28,1145237.1912583485,1145100.1458670993,617,873.1815624161081,bitmask/compact/threads:1/features:28/real_time
higgs_d6_n5000,5000,cpu,,branch,compact,2,,,,,,,,28,42362.16230962911,42355.14476119958,13505,23605.971590659232,branch/compact/threads:2/features:28/real_time
higgs_d6_n5000,5000,cpu,,bitmask,compact,2,,,,,,,,28,571843.9344735664,571812.4479934481,1221,1748.7288746370803,bitmask/compact/threads:2/features:28/real_time
higgs_d6_n5000,5000,cpu,,branch,compact,4,,,,,,,,28,15311.039127561871,15309.156897324776,33455,65312.35350315768,branch/compact/threads:4/features:28/real_time
higgs_d6_n5000,5000,cpu,,bitmask,compact,4,,,,,,,,28,294728.5464626779,294707.89250535355,2335,3392.952640665339,bitmask/compact/threads:4/features:28/real_time
higgs_d6_n5000,5000,cuda,oneshot,cuda,compact,,256,0,0,0,0,0,,28,18460.052616221867,18458.416626088816,36966,54171.02652899509,cuda/oneshot/compact/bt:256/transposed:0/bitmask:0/cached:0/mapped:0/devreduce:0/features:28/real_time
higgs_d6_n5000,5000,cuda,oneshot,cuda,compact,,256,1,0,0,0,0,,28,14645.416003038195,14644.432942681466,48466,68280.75076819598,cuda/oneshot/compact/bt:256/transposed:1/bitmask:0/cached:0/mapped:0/devreduce:0/features:28/real_time
higgs_d6_n5000,5000,cuda,oneshot,cuda,compact,,256,0,1,0,0,0,,28,23150.333676859063,23148.81663729759,30077,43195.92166395399,cuda/oneshot/compact/bt:256/transposed:0/bitmask:1/cached:0/mapped:0/devreduce:0/features:28/real_time
higgs_d6_n5000,5000,cuda,oneshot,cuda,compact,,256,1,1,0,0,0,,28,22676.770177726434,22674.796325697433,30863,44097.9906822101,cuda/oneshot/compact/bt:256/transposed:1/bitmask:1/cached:0/mapped:0/devreduce:0/features:28/real_time
higgs_d6_n5000,5000,cuda,oneshot,cuda,compact,,256,0,0,0,1,0,,28,14588.371111588393,14587.335173105861,47832,68547.74891253225,cuda/oneshot/compact/bt:256/transposed:0/bitmask:0/cached:0/mapped:1/devreduce:0/features:28/real_time
higgs_d6_n5000,5000,cuda,oneshot,cuda,compact,,256,1,0,0,1,0,,28,11340.213762911833,11339.037219387354,61339,88181.75926017373,cuda/oneshot/compact/bt:256/transposed:1/bitmask:0/cached:0/mapped:1/devreduce:0/features:28/real_time
higgs_d6_n5000,5000,cuda,oneshot,cuda,compact,,256,0,1,0,1,0,,28,19733.82244490939,19730.997980031152,34654,50674.41965649,cuda/oneshot/compact/bt:256/transposed:0/bitmask:1/cached:0/mapped:1/devreduce:0/features:28/real_time
higgs_d6_n5000,5000,cuda,oneshot,cuda,compact,,256,1,1,0,1,0,,28,19137.355927537665,19134.051968589858,36676,52253.822512704166,cuda/oneshot/compact/bt:256/transposed:1/bitmask:1/cached:0/mapped:1/devreduce:0/features:28/real_time
higgs_d6_n5000,5000,cuda,oneshot,cuda,compact,,256,0,0,0,0,1,,28,20163.633789527263,20161.44457632513,34543,49594.23536641433,cuda/oneshot/compact/bt:256/transposed:0/bitmask:0/cached:0/mapped:0/devreduce:1/features:28/real_time
higgs_d6_n5000,5000,cuda,oneshot,cuda,compact,,256,1,0,0,0,1,,28,16166.947925851859,16163.382377370699,43342,61854.59398931716,cuda/oneshot/compact/bt:256/transposed:1/bitmask:0/cached:0/mapped:0/devreduce:1/features:28/real_time
higgs_d6_n5000,5000,cuda,oneshot,cuda,compact,,256,0,1,0,0,1,,28,25423.710121567605,25418.524418436686,27684,39333.36225194267,cuda/oneshot/compact/bt:256/transposed:0/bitmask:1/cached:0/mapped:0/devreduce:1/features:28/real_time
higgs_d6_n5000,5000,cuda,oneshot,cuda,compact,,256,1,1,0,0,1,,28,24174.986645694455,24172.835669456046,28680,41365.069385802504,cuda/oneshot/compact/bt:256/transposed:1/bitmask:1/cached:0/mapped:0/devreduce:1/features:28/real_time
higgs_d6_n5000,5000,cuda,oneshot,cuda,compact,,256,0,0,0,1,1,,28,18195.445035988723,18194.88255261371,38298,54958.809637362676,cuda/oneshot/compact/bt:256/transposed:0/bitmask:0/cached:0/mapped:1/devreduce:1/features:28/real_time
higgs_d6_n5000,5000,cuda,oneshot,cuda,compact,,256,1,0,0,1,1,,28,14814.006622464805,14811.396991063242,46661,67503.68252728759,cuda/oneshot/compact/bt:256/transposed:1/bitmask:0/cached:0/mapped:1/devreduce:1/features:28/real_time
higgs_d6_n5000,5000,cuda,oneshot,cuda,compact,,256,0,1,0,1,1,,28,23146.84582028419,23143.425856646274,30205,43202.43059309937,cuda/oneshot/compact/bt:256/transposed:0/bitmask:1/cached:0/mapped:1/devreduce:1/features:28/real_time
higgs_d6_n5000,5000,cuda,oneshot,cuda,compact,,256,1,1,0,1,1,,28,22124.806960558617,22123.7505677638,31263,45198.1344642996,cuda/oneshot/compact/bt:256/transposed:1/bitmask:1/cached:0/mapped:1/devreduce:1/features:28/real_time
higgs_d6_n5000,5000,cuda,persistent,cuda,compact,,256,0,0,0,0,0,0,28,51750.096316269046,51740.04150373875,14577,19323.635532744367,cuda/persistent/compact/bt:256/transposed:0/bitmask:0/cached:0/mapped:0/devreduce:0/crossreduce:0/features:28/real_time
higgs_d6_n5000,5000,cuda,persistent,cuda,compact,,256,1,0,0,0,0,0,28,45841.28370371894,45840.21356372077,14642,21814.397835435695,cuda/persistent/compact/bt:256/transposed:1/bitmask:0/cached:0/mapped:0/devreduce:0/crossreduce:0/features:28/real_time
higgs_d6_n5000,5000,cuda,persistent,cuda,compact,,256,0,1,0,0,0,0,28,63508.63155848338,63505.0857351035,12352,15745.891156214366,cuda/persistent/compact/bt:256/transposed:0/bitmask:1/cached:0/mapped:0/devreduce:0/crossreduce:0/features:28/real_time
higgs_d6_n5000,5000,cuda,persistent,cuda,compact,,256,1,1,0,0,0,0,28,58275.8235469997,58269.02059616539,13352,17159.774656697828,cuda/persistent/compact/bt:256/transposed:1/bitmask:1/cached:0/mapped:0/devreduce:0/crossreduce:0/features:28/real_time
higgs_d6_n5000,5000,cuda,persistent,cuda,compact,,256,0,0,0,1,0,0,28,27347.304495235556,27344.502003771875,25452,36566.67516077205,cuda/persistent/compact/bt:256/transposed:0/bitmask:0/cached:0/mapped:1/devreduce:0/crossreduce:0/features:28/real_time
higgs_d6_n5000,5000,cuda,persistent,cuda,compact,,256,1,0,0,1,0,0,28,26626.382918249183,26624.546932656845,26016,37556.73472699216,cuda/persistent/compact/bt:256/transposed:1/bitmask:0/cached:0/mapped:1/devreduce:0/crossreduce:0/features:28/real_time
higgs_d6_n5000,5000,cuda,persistent,cuda,compact,,256,0,1,0,1,0,0,28,38828.41424264945,38821.95343926533,18943,25754.335311010247,cuda/persistent/compact/bt:256/transposed:0/bitmask:1/cached:0/mapped:1/devreduce:0/crossreduce:0/features:28/real_time
higgs_d6_n5000,5000,cuda,persistent,cuda,compact,,256,1,1,0,1,0,0,28,31661.600210211316,31656.415470167216,21939,31584.000598854313,cuda/persistent/compact/bt:256/transposed:1/bitmask:1/cached:0/mapped:1/devreduce:0/crossreduce:0/features:28/real_time
higgs_d6_n5000,5000,cuda,persistent,cuda,compact,,256,0,0,0,0,1,0,28,47967.02904898532,47961.226631225865,15801,20847.653478366796,cuda/persistent/compact/bt:256/transposed:0/bitmask:0/cached:0/mapped:0/devreduce:1/crossreduce:0/features:28/real_time
higgs_d6_n5000,5000,cuda,persistent,cuda,compact,,256,1,0,0,0,1,0,28,45758.69511953097,45757.99318702919,15265,21853.770029669722,cuda/persistent/compact/bt:256/transposed:1/bitmask:0/cached:0/mapped:0/devreduce:1/crossreduce:0/features:28/real_time
higgs_d6_n5000,5000,cuda,persistent,cuda,compact,,256,0,1,0,0,1,0,28,62075.94269069475,62067.54955283814,10958,16109.30026439858,cuda/persistent/compact/bt:256/transposed:0/bitmask:1/cached:0/mapped:0/devreduce:1/crossreduce:0/features:28/real_time
higgs_d6_n5000,5000,cuda,persistent,cuda,compact,,256,1,1,0,0,1,0,28,56663.7928282682,56659.38103985261,12521,17647.95383589508,cuda/persistent/compact/bt:256/transposed:1/bitmask:1/cached:0/mapped:0/devreduce:1/crossreduce:0/features:28/real_time
higgs_d6_n5000,5000,cuda,persistent,cuda,compact,,256,0,0,0,1,1,0,28,27351.997609364036,27350.574865786373,25519,36560.40097260198,cuda/persistent/compact/bt:256/transposed:0/bitmask:0/cached:0/mapped:1/devreduce:1/crossreduce:0/features:28/real_time
higgs_d6_n5000,5000,cuda,persistent,cuda,compact,,256,1,0,0,1,1,0,28,26770.581811428085,26769.62588550629,26115,37354.4365618946,cuda/persistent/compact/bt:256/transposed:1/bitmask:0/cached:0/mapped:1/devreduce:1/crossreduce:0/features:28/real_time
higgs_d6_n5000,5000,cuda,persistent,cuda,compact,,256,0,1,0,1,1,0,28,36547.91960860066,36543.65704273226,19119,27361.338503236566,cuda/persistent/compact/bt:256/transposed:0/bitmask:1/cached:0/mapped:1/devreduce:1/crossreduce:0/features:28/real_time
higgs_d6_n5000,5000,cuda,persistent,cuda,compact,,256,1,1,0,1,1,0,28,32395.99879891341,32394.082936746247,21643,30868.0095405344,cuda/persistent/compact/bt:256/transposed:1/bitmask:1/cached:0/mapped:1/devreduce:1/crossreduce:0/features:28/real_time
higgs_d6_n5000,5000,cuda,persistent,cuda,compact,,256,0,0,0,0,0,1,28,80543.80457958863,80536.4507521257,7645,12415.604219587853,cuda/persistent/compact/bt:256/transposed:0/bitmask:0/cached:0/mapped:0/devreduce:0/crossreduce:1/features:28/real_time
higgs_d6_n5000,5000,cuda,persistent,cuda,compact,,256,1,0,0,0,0,1,28,79820.29082662381,79816.58859249635,9222,12528.142777280551,cuda/persistent/compact/bt:256/transposed:1/bitmask:0/cached:0/mapped:0/devreduce:0/crossreduce:1/features:28/real_time
higgs_d6_n5000,5000,cuda,persistent,cuda,compact,,256,0,1,0,0,0,1,28,89135.1026488336,89125.4652317882,7852,11218.92464677703,cuda/persistent/compact/bt:256/transposed:0/bitmask:1/cached:0/mapped:0/devreduce:0/crossreduce:1/features:28/real_time
higgs_d6_n5000,5000,cuda,persistent,cuda,compact,,256,1,1,0,0,0,1,28,87806.34348152472,87801.77184813767,8376,11388.698815483753,cuda/persistent/compact/bt:256/transposed:1/bitmask:1/cached:0/mapped:0/devreduce:0/crossreduce:1/features:28/real_time
higgs_d6_n5000,5000,cuda,persistent,cuda,compact,,256,0,0,0,1,0,1,28,48212.820367086526,48207.17164692934,14524,20741.371120505337,cuda/persistent/compact/bt:256/transposed:0/bitmask:0/cached:0/mapped:1/devreduce:0/crossreduce:1/features:28/real_time
higgs_d6_n5000,5000,cuda,persistent,cuda,compact,,256,1,0,0,1,0,1,28,47036.493311773185,47032.245932754595,11064,21260.088275962124,cuda/persistent/compact/bt:256/transposed:1/bitmask:0/cached:0/mapped:1/devreduce:0/crossreduce:1/features:28/real_time
higgs_d6_n5000,5000,cuda,persistent,cuda,compact,,256,0,1,0,1,0,1,28,54286.559278714594,54281.37616135978,12593,18420.765900190207,cuda/persistent/compact/bt:256/transposed:0/bitmask:1/cached:0/mapped:1/devreduce:0/crossreduce:1/features:28/real_time
higgs_d6_n5000,5000,cuda,persistent,cuda,compact,,256,1,1,0,1,0,1,28,50580.720032609825,50574.36182126324,13573,19770.378898427927,cuda/persistent/compact/bt:256/transposed:1/bitmask:1/cached:0/mapped:1/devreduce:0/crossreduce:1/features:28/real_time
higgs_d6_n5000,5000,cuda,persistent,cuda,compact,,256,0,0,0,0,1,1,28,79315.75818071656,79310.04556493563,8647,12607.83510032843,cuda/persistent/compact/bt:256/transposed:0/bitmask:0/cached:0/mapped:0/devreduce:1/crossreduce:1/features:28/real_time
higgs_d6_n5000,5000,cuda,persistent,cuda,compact,,256,1,0,0,0,1,1,28,80529.43707148748,80522.94873715725,9344,12417.819326270483,cuda/persistent/compact/bt:256/transposed:1/bitmask:0/cached:0/mapped:0/devreduce:1/crossreduce:1/features:28/real_time
higgs_d6_n5000,5000,cuda,persistent,cuda,compact,,256,0,1,0,0,1,1,28,92403.64299030048,92395.76509235162,8067,10822.084147753449,cuda/persistent/compact/bt:256/transposed:0/bitmask:1/cached:0/mapped:0/devreduce:1/crossreduce:1/features:28/real_time
higgs_d6_n5000,5000,cuda,persistent,cuda,compact,,256,1,1,0,0,1,1,28,86676.22990669213,86662.90745250785,8212,11537.188466509337,cuda/persistent/compact/bt:256/transposed:1/bitmask:1/cached:0/mapped:0/devreduce:1/crossreduce:1/features:28/real_time
higgs_d6_n5000,5000,cuda,persistent,cuda,compact,,256,0,0,0,1,1,1,28,47938.45924651828,47933.857550050954,14735,20860.078019145534,cuda/persistent/compact/bt:256/transposed:0/bitmask:0/cached:0/mapped:1/devreduce:1/crossreduce:1/features:28/real_time
higgs_d6_n5000,5000,cuda,persistent,cuda,compact,,256,1,0,0,1,1,1,28,47053.992911457404,47051.69193410798,15237,21252.181549857487,cuda/persistent/compact/bt:256/transposed:1/bitmask:0/cached:0/mapped:1/devreduce:1/crossreduce:1/features:28/real_time
higgs_d6_n5000,5000,cuda,persistent,cuda,compact,,256,0,1,0,1,1,1,28,54315.61651175147,54309.4156027258,12767,18410.91134045482,cuda/persistent/compact/bt:256/transposed:0/bitmask:1/cached:0/mapped:1/devreduce:1/crossreduce:1/features:28/real_time
higgs_d6_n5000,5000,cuda,persistent,cuda,compact,,256,1,1,0,1,1,1,28,50088.44137236675,50085.524088875696,13637,19964.685915575104,cuda/persistent/compact/bt:256/transposed:1/bitmask:1/cached:0/mapped:1/devreduce:1/crossreduce:1/features:28/real_time
higgs_d6_n5000,5000,cpu,,branch,tree,nothread,,,,,,,,28,90108.70467852445,90098.7239480929,7629,11097.706970349218,branch/tree/nothread/features:28/real_time
higgs_d6_n5000,5000,cpu,,bitmask,tree,nothread,,,,,,,,28,1155655.3093492817,1155556.6072013087,611,865.3099171612623,bitmask/tree/nothread/features:28/real_time
higgs_d6_n5000,5000,cpu,,branch,tree,1,,,,,,,,28,240248.1909471581,240226.80789320907,6892,4162.362247380865,branch/tree/threads:1/features:28/real_time
higgs_d6_n5000,5000,cpu,,bitmask,tree,1,,,,,,,,28,1328087.910209136,1328021.9102040813,490,752.9622040174497,bitmask/tree/threads:1/features:28/real_time
higgs_d6_n5000,5000,cpu,,branch,tree,2,,,,,,,,28,48255.65930824682,48255.02933253493,13364,20722.95797705745,branch/tree/threads:2/features:28/real_time
higgs_d6_n5000,5000,cpu,,bitmask,tree,2,,,,,,,,28,672030.2973138002,672030.6642857135,1120,1488.0281499169619,bitmask/tree/threads:2/features:28/real_time
higgs_d6_n5000,5000,cpu,,branch,tree,4,,,,,,,,28,47847.4999861938,47845.62289590021,36417,20899.733534428044,branch/tree/threads:4/features:28/real_time
higgs_d6_n5000,5000,cpu,,bitmask,tree,4,,,,,,,,28,314618.1952272065,314619.3751686908,2223,3178.4557128930005,bitmask/tree/threads:4/features:28/real_time
higgs_d6_n5000,5000,cuda,oneshot,cuda,tree,,256,0,0,0,0,0,,28,18373.722938641175,18373.449121866153,37295,54425.55127991687,cuda/oneshot/tree/bt:256/transposed:0/bitmask:0/cached:0/mapped:0/devreduce:0/features:28/real_time
higgs_d6_n5000,5000,cuda,oneshot,cuda,tree,,256,1,0,0,0,0,,28,14877.531250028085,14876.487395485037,47840,67215.45283247932,cuda/oneshot/tree/bt:256/transposed:1/bitmask:0/cached:0/mapped:0/devreduce:0/features:28/real_time
higgs_d6_n5000,5000,cuda,oneshot,cuda,tree,,256,0,1,0,0,0,,28,23206.53501619115,23204.814092409408,30300,43091.31024094301,cuda/oneshot/tree/bt:256/transposed:0/bitmask:1/cached:0/mapped:0/devreduce:0/features:28/real_time
higgs_d6_n5000,5000,cuda,oneshot,cuda,tree,,256,1,1,0,0,0,,28,22758.041057797345,22757.042680947758,30810,43940.513045931984,cuda/oneshot/tree/bt:256/transposed:1/bitmask:1/cached:0/mapped:0/devreduce:0/features:28/real_time
higgs_d6_n5000,5000,cuda,oneshot,cuda,tree,,256,0,0,0,1,0,,28,14474.231685209314,14473.00763198729,47694,69088.29578994948,cuda/oneshot/tree/bt:256/transposed:0/bitmask:0/cached:0/mapped:1/devreduce:0/features:28/real_time
higgs_d6_n5000,5000,cuda,oneshot,cuda,tree,,256,1,0,0,1,0,,28,11243.985237315517,11243.381726832344,61303,88936.4383618444,cuda/oneshot/tree/bt:256/transposed:1/bitmask:0/cached:0/mapped:1/devreduce:0/features:28/real_time
higgs_d6_n5000,5000,cuda,oneshot,cuda,tree,,256,0,1,0,1,0,,28,19674.357979476143,19672.759418653695,35435,50827.57978904206,cuda/oneshot/tree/bt:256/transposed:0/bitmask:1/cached:0/mapped:1/devreduce:0/features:28/real_time
higgs_d6_n5000,5000,cuda,oneshot,cuda,tree,,256,1,1,0,1,0,,28,19168.42740002896,19168.155172883417,36701,52169.120561162425,cuda/oneshot/tree/bt:256/transposed:1/bitmask:1/cached:0/mapped:1/devreduce:0/features:28/real_time
higgs_d6_n5000,5000,cuda,oneshot,cuda,tree,,256,0,0,0,0,1,,28,20290.52917470365,20288.72505478444,34225,49284.07689074503,cuda/oneshot/tree/bt:256/transposed:0/bitmask:0/cached:0/mapped:0/devreduce:1/features:28/real_time
higgs_d6_n5000,5000,cuda,oneshot,cuda,tree,,256,1,0,0,0,1,,28,16137.472923641872,16135.836371029349,41808,61967.57105227862,cuda/oneshot/tree/bt:256/transposed:1/bitmask:0/cached:0/mapped:0/devreduce:1/features:28/real_time
higgs_d6_n5000,5000,cuda,oneshot,cuda,tree,,256,0,1,0,0,1,,28,25080.16834887857,25077.74149242992,27740,39872.14065270474,cuda/oneshot/tree/bt:256/transposed:0/bitmask:1/cached:0/mapped:0/devreduce:1/features:28/real_time
higgs_d6_n5000,5000,cuda,oneshot,cuda,tree,,256,1,1,0,0,1,,28,24375.436244294186,24373.176851086813,29064,41024.90679460477,cuda/oneshot/tree/bt:256/transposed:1/bitmask:1/cached:0/mapped:0/devreduce:1/features:28/real_time
higgs_d6_n5000,5000,cuda,oneshot,cuda,tree,,256,0,0,0,1,1,,28,18083.258103827106,18080.692165490855,38407,55299.76922623042,cuda/oneshot/tree/bt:256/transposed:0/bitmask:0/cached:0/mapped:1/devreduce:1/features:28/real_time
higgs_d6_n5000,5000,cuda,oneshot,cuda,tree,,256,1,0,0,1,1,,28,15043.918802219287,15042.525929760941,46356,66472.04183609922,cuda/oneshot/tree/bt:256/transposed:1/bitmask:0/cached:0/mapped:1/devreduce:1/features:28/real_time
higgs_d6_n5000,5000,cuda,oneshot,cuda,tree,,256,0,1,0,1,1,,28,22907.308563502364,22904.173095751008,30642,43654.18998167575,cuda/oneshot/tree/bt:256/transposed:0/bitmask:1/cached:0/mapped:1/devreduce:1/features:28/real_time
higgs_d6_n5000,5000,cuda,oneshot,cuda,tree,,256,1,1,0,1,1,,28,22344.759103086213,22342.619795482624,31391,44753.22358082088,cuda/oneshot/tree/bt:256/transposed:1/bitmask:1/cached:0/mapped:1/devreduce:1/features:28/real_time
higgs_d6_n5000,5000,cuda,persistent,cuda,tree,,256,0,0,0,0,0,0,28,48843.72698419901,48842.48342358985,15142,20473.458143836993,cuda/persistent/tree/bt:256/transposed:0/bitmask:0/cached:0/mapped:0/devreduce:0/crossreduce:0/features:28/real_time
higgs_d6_n5000,5000,cuda,persistent,cuda,tree,,256,1,0,0,0,0,0,28,48960.20598933326,48953.79683714621,14860,20424.75066828488,cuda/persistent/tree/bt:256/transposed:1/bitmask:0/cached:0/mapped:0/devreduce:0/crossreduce:0/features:28/real_time
higgs_d6_n5000,5000,cuda,persistent,cuda,tree,,256,0,1,0,0,0,0,28,62770.82208972616,62768.632918245814,9235,15930.968668381869,cuda/persistent/tree/bt:256/transposed:0/bitmask:1/cached:0/mapped:0/devreduce:0/crossreduce:0/features:28/real_time
higgs_d6_n5000,5000,cuda,persistent,cuda,tree,,256,1,1,0,0,0,0,28,55665.56105482877,55661.767390793284,12751,17964.428653023588,cuda/persistent/tree/bt:256/transposed:1/bitmask:1/cached:0/mapped:0/devreduce:0/crossreduce:0/features:28/real_time
higgs_d6_n5000,5000,cuda,persistent,cuda,tree,,256,0,0,0,1,0,0,28,27498.045722416504,27496.933679241567,25633,36366.220715997886,cuda/persistent/tree/bt:256/transposed:0/bitmask:0/cached:0/mapped:1/devreduce:0/crossreduce:0/features:28/real_time
higgs_d6_n5000,5000,cuda,persistent,cuda,tree,,256,1,0,0,1,0,0,28,26711.746985244874,26709.688406349986,26204,37436.71278978434,cuda/persistent/tree/bt:256/transposed:1/bitmask:0/cached:0/mapped:1/devreduce:0/crossreduce:0/features:28/real_time
higgs_d6_n5000,5000,cuda,persistent,cuda,tree,,256,0,1,0,1,0,0,28,36567.29882837857,36564.8931007549,19205,27346.83807773999,cuda/persistent/tree/bt:256/transposed:0/bitmask:1/cached:0/mapped:1/devreduce:0/crossreduce:0/features:28/real_time
higgs_d6_n5000,5000,cuda,persistent,cuda,tree,,256,1,1,0,1,0,0,28,31687.131803346547,31684.7762155295,22048,31558.552102667363,cuda/persistent/tree/bt:256/transposed:1/bitmask:1/cached:0/mapped:1/devreduce:0/crossreduce:0/features:28/real_time
higgs_d6_n5000,5000,cuda,persistent,cuda,tree,,256,0,0,0,0,1,0,28,47126.99918547397,47124.40462780767,14737,21219.258965850546,cuda/persistent/tree/bt:256/transposed:0/bitmask:0/cached:0/mapped:0/devreduce:1/crossreduce:0/features:28/real_time
higgs_d6_n5000,5000,cuda,persistent,cuda,tree,,256,1,0,0,0,1,0,28,46007.80972113502,46003.27187675876,14216,21735.440266799334,cuda/persistent/tree/bt:256/transposed:1/bitmask:0/cached:0/mapped:0/devreduce:1/crossreduce:0/features:28/real_time
higgs_d6_n5000,5000,cuda,persistent,cuda,tree,,256,0,1,0,0,1,0,28,62247.23014560811,62242.540525789205,10993,16064.971849523421,cuda/persistent/tree/bt:256/transposed:0/bitmask:1/cached:0/mapped:0/devreduce:1/crossreduce:0/features:28/real_time
higgs_d6_n5000,5000,cuda,persistent,cuda,tree,,256,1,1,0,0,1,0,28,55612.774358328905,55610.21495113055,13096,17981.4801821739,cuda/persistent/tree/bt:256/transposed:1/bitmask:1/cached:0/mapped:0/devreduce:1/crossreduce:0/features:28/real_time
higgs_d6_n5000,5000,cuda,persistent,cuda,tree,,256,0,0,0,1,1,0,28,27364.546120164385,27360.032964894577,25694,36543.6355351467,cuda/persistent/tree/bt:256/transposed:0/bitmask:0/cached:0/mapped:1/devreduce:1/crossreduce:0/features:28/real_time
higgs_d6_n5000,5000,cuda,persistent,cuda,tree,,256,1,0,0,1,1,0,28,26702.300122706845,26700.227631679816,26086,37449.95732220198,cuda/persistent/tree/bt:256/transposed:1/bitmask:0/cached:0/mapped:1/devreduce:1/crossreduce:0/features:28/real_time
higgs_d6_n5000,5000,cuda,persistent,cuda,tree,,256,0,1,0,1,1,0,28,36663.89108271261,36661.21819788,19244,27274.79191294865,cuda/persistent/tree/bt:256/transposed:0/bitmask:1/cached:0/mapped:1/devreduce:1/crossreduce:0/features:28/real_time
higgs_d6_n5000,5000,cuda,persistent,cuda,tree,,256,1,1,0,1,1,0,28,32116.390536331193,32112.783476572917,21642,31136.74928285496,cuda/persistent/tree/bt:256/transposed:1/bitmask:1/cached:0/mapped:1/devreduce:1/crossreduce:0/features:28/real_time
higgs_d6_n5000,5000,cuda,persistent,cuda,tree,,256,0,0,0,0,0,1,28,80783.33043623969,80774.03363403483,8979,12378.79144867982,cuda/persistent/tree/bt:256/transposed:0/bitmask:0/cached:0/mapped:0/devreduce:0/crossreduce:1/features:28/real_time
higgs_d6_n5000,5000,cuda,persistent,cuda,tree,,256,1,0,0,0,0,1,28,78168.65517292071,78163.01016106433,9251,12792.851530934631,cuda/persistent/tree/bt:256/transposed:1/bitmask:0/cached:0/mapped:0/devreduce:0/crossreduce:1/features:28/real_time
higgs_d6_n5000,5000,cuda,persistent,cuda,tree,,256,0,1,0,0,0,1,28,90613.88955362208,90598.20440618525,6854,11035.835730329572,cuda/persistent/tree/bt:256/transposed:0/bitmask:1/cached:0/mapped:0/devreduce:0/crossreduce:1/features:28/real_time
higgs_d6_n5000,5000,cuda,persistent,cuda,tree,,256,1,1,0,0,0,1,28,83609.75198611218,83604.54095756693,8814,11960.32730926056,cuda/persistent/tree/bt:256/transposed:1/bitmask:1/cached:0/mapped:0/devreduce:0/crossreduce:1/features:28/real_time
higgs_d6_n5000,5000,cuda,persistent,cuda,tree,,256,0,0,0,1,0,1,28,47586.32950433791,47579.78467000829,14364,21014.438609072407,cuda/persistent/tree/bt:256/transposed:0/bitmask:0/cached:0/mapped:1/devreduce:0/crossreduce:1/features:28/real_time
higgs_d6_n5000,5000,cuda,persistent,cuda,tree,,256,1,0,0,1,0,1,28,46186.50786412835,46180.27282630821,14687,21651.344651165316,cuda/persistent/tree/bt:256/transposed:1/bitmask:0/cached:0/mapped:1/devreduce:0/crossreduce:1/features:28/real_time
higgs_d6_n5000,5000,cuda,persistent,cuda,tree,,256,0,1,0,1,0,1,28,55691.29236476151,55684.114516382055,12758,17956.128463500103,cuda/persistent/tree/bt:256/transposed:0/bitmask:1/cached:0/mapped:1/devreduce:0/crossreduce:1/features:28/real_time
higgs_d6_n5000,5000,cuda,persistent,cuda,tree,,256,1,1,0,1,0,1,28,50193.18019794481,50185.03339422739,13685,19923.025320498535,cuda/persistent/tree/bt:256/transposed:1/bitmask:1/cached:0/mapped:1/devreduce:0/crossreduce:1/features:28/real_time
higgs_d6_n5000,5000,cuda,persistent,cuda,tree,,256,0,0,0,0,1,1,28,81430.11193496633,81418.94822888167,9175,12280.469426330199,cuda/persistent/tree/bt:256/transposed:0/bitmask:0/cached:0/mapped:0/devreduce:1/crossreduce:1/features:28/real_time
higgs_d6_n5000,5000,cuda,persistent,cuda,tree,,256,1,0,0,0,1,1,28,78599.76394517918,78593.00467543783,9197,12722.684519733011,cuda/persistent/tree/bt:256/transposed:1/bitmask:0/cached:0/mapped:0/devreduce:1/crossreduce:1/features:28/real_time
higgs_d6_n5000,5000,cuda,persistent,cuda,tree,,256,0,1,0,0,1,1,28,92640.55892305601,92633.91491096892,7357,10794.408104020236,cuda/persistent/tree/bt:256/transposed:0/bitmask:1/cached:0/mapped:0/devreduce:1/crossreduce:1/features:28/real_time
higgs_d6_n5000,5000,cuda,persistent,cuda,tree,,256,1,1,0,0,1,1,28,85202.38495556943,85187.75355223828,8375,11736.760661353212,cuda/persistent/tree/bt:256/transposed:1/bitmask:1/cached:0/mapped:0/devreduce:1/crossreduce:1/features:28/real_time
higgs_d6_n5000,5000,cuda,persistent,cuda,tree,,256,0,0,0,1,1,1,28,48066.34810867148,48055.46507725658,14303,20804.576160833683,cuda/persistent/tree/bt:256/transposed:0/bitmask:0/cached:0/mapped:1/devreduce:1/crossreduce:1/features:28/real_time
higgs_d6_n5000,5000,cuda,persistent,cuda,tree,,256,1,0,0,1,1,1,28,47617.27913332817,47613.96546466889,15086,21000.77993116752,cuda/persistent/tree/bt:256/transposed:1/bitmask:0/cached:0/mapped:1/devreduce:1/crossreduce:1/features:28/real_time
higgs_d6_n5000,5000,cuda,persistent,cuda,tree,,256,0,1,0,1,1,1,28,55352.1261500789,55346.738185854214,12612,18066.153363082234,cuda/persistent/tree/bt:256/transposed:0/bitmask:1/cached:0/mapped:1/devreduce:1/crossreduce:1/features:28/real_time
higgs_d6_n5000,5000,cuda,persistent,cuda,tree,,256,1,1,0,1,1,1,28,50385.86266302669,50381.624704492024,13536,19846.83693296777,cuda/persistent/tree/bt:256/transposed:1/bitmask:1/cached:0/mapped:1/devreduce:1/crossreduce:1/features:28/real_time
