dataset,trees,step,label,kernel,hdr_p50_us,hdr_mean_us,hdr_p90_us,hdr_p99_us,gb_real_time_us,hdr_p50_over_gb,hdr_mean_over_gb,gb_iterations,hdr_cfg,gb_cfg,hdr_name,gb_name,hdr_path,gb_path
higgs,500,oneshot,One-Shot Reference,traversal,7.823,8.66901178,8.175,10.447,9.927369281467696,0.7880234710925774,0.8732436090781085,69378,BT512,BT512,qleaf/gpu/oneshot/compact/bt:512/transposed:1/bitmask:0/cached:0/mapped:1,cuda/oneshot/compact/bt:512/transposed:1/bitmask:0/cached:0/mapped:1/features:28/real_time,bench/results/latency/ablation_hdr_100k_2026_06_19/gpu_ablation_path/higgs/n500/qleaf_gpu_ablation_bt512/summary.json,bench/results/latency/full_regen_2026_06_18/gpu_worker_ablation/higgs/n500/bt512/worker_bench_cuda.json
higgs,500,oneshot,One-Shot Reference,bitmask,10.935,12.04336876,11.351,15.439,14.200635690702367,0.7700359503736521,0.8480865943124785,48511,BT512/TPT1,BT512/TPT1,qleaf/gpu/oneshot/compact/bt:512/transposed:1/bitmask:1/cached:0/mapped:1/tpt:1/nodestride:1,cuda/oneshot/compact/bt:512/transposed:1/bitmask:1/cached:0/mapped:1/tpt:1/nodestride:1/features:28/real_time,bench/results/latency/ablation_hdr_100k_2026_06_19/gpu_ablation_path/higgs/n500/qleaf_gpu_ablation_bt512/summary.json,bench/results/latency/full_regen_2026_06_18/gpu_worker_ablation/higgs/n500/bt512/worker_bench_cuda.json
higgs,1000,oneshot,One-Shot Reference,traversal,7.999,8.82782312,8.447,9.847,10.168117361754549,0.7866746336039281,0.8681865881293018,68864,BT512,BT512,qleaf/gpu/oneshot/compact/bt:512/transposed:1/bitmask:0/cached:0/mapped:1,cuda/oneshot/compact/bt:512/transposed:1/bitmask:0/cached:0/mapped:1/features:28/real_time,bench/results/latency/ablation_hdr_100k_2026_06_19/gpu_ablation_path/higgs/n1000/qleaf_gpu_ablation_bt512/summary.json,bench/results/latency/full_regen_2026_06_18/gpu_worker_ablation/higgs/n1000/bt512/worker_bench_cuda.json
higgs,1000,oneshot,One-Shot Reference,bitmask,11.151,12.2774084,11.599,12.599,13.67470472962282,0.8154472232109081,0.8978189030585848,51187,BT512/TPT1,BT512/TPT1,qleaf/gpu/oneshot/compact/bt:512/transposed:1/bitmask:1/cached:0/mapped:1/tpt:1/nodestride:1,cuda/oneshot/compact/bt:512/transposed:1/bitmask:1/cached:0/mapped:1/tpt:1/nodestride:1/features:28/real_time,bench/results/latency/ablation_hdr_100k_2026_06_19/gpu_ablation_path/higgs/n1000/qleaf_gpu_ablation_bt512/summary.json,bench/results/latency/full_regen_2026_06_18/gpu_worker_ablation/higgs/n1000/bt512/worker_bench_cuda.json
higgs,2000,oneshot,One-Shot Reference,traversal,8.103,8.9734296,8.567,10.359,10.246658053827396,0.7907944187688899,0.8757420763785698,68154,BT512,BT512,qleaf/gpu/oneshot/compact/bt:512/transposed:1/bitmask:0/cached:0/mapped:1,cuda/oneshot/compact/bt:512/transposed:1/bitmask:0/cached:0/mapped:1/features:28/real_time,bench/results/latency/ablation_hdr_100k_2026_06_19/gpu_ablation_path/higgs/n2000/qleaf_gpu_ablation_bt512/summary.json,bench/results/latency/full_regen_2026_06_18/gpu_worker_ablation/higgs/n2000/bt512/worker_bench_cuda.json
higgs,2000,oneshot,One-Shot Reference,bitmask,11.367,12.574386,11.975,16.063,13.849536667284108,0.8207494787065008,0.9079282796300099,50672,BT512/TPT1,BT512/TPT1,qleaf/gpu/oneshot/compact/bt:512/transposed:1/bitmask:1/cached:0/mapped:1/tpt:1/nodestride:1,cuda/oneshot/compact/bt:512/transposed:1/bitmask:1/cached:0/mapped:1/tpt:1/nodestride:1/features:28/real_time,bench/results/latency/ablation_hdr_100k_2026_06_19/gpu_ablation_path/higgs/n2000/qleaf_gpu_ablation_bt512/summary.json,bench/results/latency/full_regen_2026_06_18/gpu_worker_ablation/higgs/n2000/bt512/worker_bench_cuda.json
higgs,5000,oneshot,One-Shot Reference,traversal,9.495,10.58066144,10.023,14.503,11.989119370016226,0.7919680926479213,0.882521986265425,58549,BT512,BT512,qleaf/gpu/oneshot/compact/bt:512/transposed:1/bitmask:0/cached:0/mapped:1,cuda/oneshot/compact/bt:512/transposed:1/bitmask:0/cached:0/mapped:1/features:28/real_time,bench/results/latency/ablation_hdr_100k_2026_06_19/gpu_ablation_path/higgs/n5000/qleaf_gpu_ablation_bt512/summary.json,bench/results/latency/full_regen_2026_06_18/gpu_worker_ablation/higgs/n5000/bt512/worker_bench_cuda.json
higgs,5000,oneshot,One-Shot Reference,bitmask,15.591,17.13285068,15.951,27.167,17.822037032256286,0.8748158233417251,0.9613295410053901,39290,BT512/TPT1,BT512/TPT1,qleaf/gpu/oneshot/compact/bt:512/transposed:1/bitmask:1/cached:0/mapped:1/tpt:1/nodestride:1,cuda/oneshot/compact/bt:512/transposed:1/bitmask:1/cached:0/mapped:1/tpt:1/nodestride:1/features:28/real_time,bench/results/latency/ablation_hdr_100k_2026_06_19/gpu_ablation_path/higgs/n5000/qleaf_gpu_ablation_bt512/summary.json,bench/results/latency/full_regen_2026_06_18/gpu_worker_ablation/higgs/n5000/bt512/worker_bench_cuda.json
epsilon,500,oneshot,One-Shot Reference,traversal,8.031,8.88879756,8.623,11.175,10.972688331158274,0.7319081484520986,0.8100838456113973,63837,BT1024,BT1024,qleaf/gpu/oneshot/compact/bt:1024/transposed:1/bitmask:0/cached:0/mapped:1,cuda/oneshot/compact/bt:1024/transposed:1/bitmask:0/cached:0/mapped:1/features:2000/real_time,bench/results/latency/ablation_hdr_100k_2026_06_19/gpu_ablation_path/epsilon/n500/qleaf_gpu_ablation_bt1024/summary.json,bench/results/latency/full_regen_2026_06_18/gpu_worker_ablation/epsilon/n500/bt1024/worker_bench_cuda.json
epsilon,500,oneshot,One-Shot Reference,bitmask,12.543,13.71153084,13.031,17.071,14.94370227672649,0.83935023381285,0.9175457718636774,46691,BT1024/TPT1,BT1024/TPT1,qleaf/gpu/oneshot/compact/bt:1024/transposed:1/bitmask:1/cached:0/mapped:1/tpt:1/nodestride:1,cuda/oneshot/compact/bt:1024/transposed:1/bitmask:1/cached:0/mapped:1/tpt:1/nodestride:1/features:2000/real_time,bench/results/latency/ablation_hdr_100k_2026_06_19/gpu_ablation_path/epsilon/n500/qleaf_gpu_ablation_bt1024/summary.json,bench/results/latency/full_regen_2026_06_18/gpu_worker_ablation/epsilon/n500/bt1024/worker_bench_cuda.json
epsilon,1000,oneshot,One-Shot Reference,traversal,8.151,9.0280335,8.767,11.823,12.98622795784746,0.6276649406169114,0.6952006024616595,54124,BT1024,BT1024,qleaf/gpu/oneshot/compact/bt:1024/transposed:1/bitmask:0/cached:0/mapped:1,cuda/oneshot/compact/bt:1024/transposed:1/bitmask:0/cached:0/mapped:1/features:2000/real_time,bench/results/latency/ablation_hdr_100k_2026_06_19/gpu_ablation_path/epsilon/n1000/qleaf_gpu_ablation_bt1024/summary.json,bench/results/latency/full_regen_2026_06_18/gpu_worker_ablation/epsilon/n1000/bt1024/worker_bench_cuda.json
epsilon,1000,oneshot,One-Shot Reference,bitmask,16.879,18.38387136,17.311,26.783,20.0189167872915,0.8431525131627104,0.9183249800843637,35151,BT1024/TPT1,BT1024/TPT1,qleaf/gpu/oneshot/compact/bt:1024/transposed:1/bitmask:1/cached:0/mapped:1/tpt:1/nodestride:1,cuda/oneshot/compact/bt:1024/transposed:1/bitmask:1/cached:0/mapped:1/tpt:1/nodestride:1/features:2000/real_time,bench/results/latency/ablation_hdr_100k_2026_06_19/gpu_ablation_path/epsilon/n1000/qleaf_gpu_ablation_bt1024/summary.json,bench/results/latency/full_regen_2026_06_18/gpu_worker_ablation/epsilon/n1000/bt1024/worker_bench_cuda.json
epsilon,2000,oneshot,One-Shot Reference,traversal,8.823,9.75120834,9.431,11.471,13.645433529657208,0.6465899365398651,0.7146133040629721,51256,BT1024,BT1024,qleaf/gpu/oneshot/compact/bt:1024/transposed:1/bitmask:0/cached:0/mapped:1,cuda/oneshot/compact/bt:1024/transposed:1/bitmask:0/cached:0/mapped:1/features:2000/real_time,bench/results/latency/ablation_hdr_100k_2026_06_19/gpu_ablation_path/epsilon/n2000/qleaf_gpu_ablation_bt1024/summary.json,bench/results/latency/full_regen_2026_06_18/gpu_worker_ablation/epsilon/n2000/bt1024/worker_bench_cuda.json
epsilon,2000,oneshot,One-Shot Reference,bitmask,17.759,19.503004,18.303,30.479,20.86842709496557,0.8509984925641231,0.9345699084673722,33482,BT1024/TPT1,BT1024/TPT1,qleaf/gpu/oneshot/compact/bt:1024/transposed:1/bitmask:1/cached:0/mapped:1/tpt:1/nodestride:1,cuda/oneshot/compact/bt:1024/transposed:1/bitmask:1/cached:0/mapped:1/tpt:1/nodestride:1/features:2000/real_time,bench/results/latency/ablation_hdr_100k_2026_06_19/gpu_ablation_path/epsilon/n2000/qleaf_gpu_ablation_bt1024/summary.json,bench/results/latency/full_regen_2026_06_18/gpu_worker_ablation/epsilon/n2000/bt1024/worker_bench_cuda.json
epsilon,5000,oneshot,One-Shot Reference,traversal,10.439,11.444961600000001,11.095,15.711,15.920096548176733,0.6557121037808994,0.7189002632845684,43657,BT1024,BT1024,qleaf/gpu/oneshot/compact/bt:1024/transposed:1/bitmask:0/cached:0/mapped:1,cuda/oneshot/compact/bt:1024/transposed:1/bitmask:0/cached:0/mapped:1/features:2000/real_time,bench/results/latency/ablation_hdr_100k_2026_06_19/gpu_ablation_path/epsilon/n5000/qleaf_gpu_ablation_bt1024/summary.json,bench/results/latency/full_regen_2026_06_18/gpu_worker_ablation/epsilon/n5000/bt1024/worker_bench_cuda.json
epsilon,5000,oneshot,One-Shot Reference,bitmask,19.743,21.5050072,20.367,32.431,23.588951084485974,0.8369596396757384,0.9116559326007274,29786,BT1024/TPT1,BT1024/TPT1,qleaf/gpu/oneshot/compact/bt:1024/transposed:1/bitmask:1/cached:0/mapped:1/tpt:1/nodestride:1,cuda/oneshot/compact/bt:1024/transposed:1/bitmask:1/cached:0/mapped:1/tpt:1/nodestride:1/features:2000/real_time,bench/results/latency/ablation_hdr_100k_2026_06_19/gpu_ablation_path/epsilon/n5000/qleaf_gpu_ablation_bt1024/summary.json,bench/results/latency/full_regen_2026_06_18/gpu_worker_ablation/epsilon/n5000/bt1024/worker_bench_cuda.json
higgs,500,step0,Step 0: Naive Persistent,traversal,6.279,11.25147508,6.679,8.147,9.977077933162459,0.6293425832757558,1.127732503983117,68225,BT512,BT512,qleaf/gpu/persistent/compact/bt:512/transposed:1/bitmask:0/cached:0/mapped:0/crossreduce:1,cuda/persistent/compact/bt:512/transposed:1/bitmask:0/cached:0/mapped:0/crossreduce:1/features:28/real_time,bench/results/latency/ablation_hdr_100k_2026_06_19/gpu_ablation_path/higgs/n500/qleaf_gpu_ablation_bt512/summary.json,bench/results/latency/full_regen_2026_06_18/gpu_worker_ablation/higgs/n500/bt512/worker_bench_cuda.json
higgs,500,step0,Step 0: Naive Persistent,bitmask,10.935,19.93034792,11.327,15.495,16.348501147234153,0.6688686566138199,1.2190932820389975,43592,BT512/TPT1,BT512/TPT1,qleaf/gpu/persistent/compact/bt:512/transposed:1/bitmask:1/cached:0/mapped:0/crossreduce:1/tpt:1/nodestride:1,cuda/persistent/compact/bt:512/transposed:1/bitmask:1/cached:0/mapped:0/crossreduce:1/tpt:1/nodestride:1/features:28/real_time,bench/results/latency/ablation_hdr_100k_2026_06_19/gpu_ablation_path/higgs/n500/qleaf_gpu_ablation_bt512/summary.json,bench/results/latency/full_regen_2026_06_18/gpu_worker_ablation/higgs/n500/bt512/worker_bench_cuda.json
higgs,1000,step0,Step 0: Naive Persistent,traversal,6.675,12.32719852,7.111,7.631,11.432571419416446,0.5838581501151656,1.0782524829946978,62532,BT512,BT512,qleaf/gpu/persistent/compact/bt:512/transposed:1/bitmask:0/cached:0/mapped:0/crossreduce:1,cuda/persistent/compact/bt:512/transposed:1/bitmask:0/cached:0/mapped:0/crossreduce:1/features:28/real_time,bench/results/latency/ablation_hdr_100k_2026_06_19/gpu_ablation_path/higgs/n1000/qleaf_gpu_ablation_bt512/summary.json,bench/results/latency/full_regen_2026_06_18/gpu_worker_ablation/higgs/n1000/bt512/worker_bench_cuda.json
higgs,1000,step0,Step 0: Naive Persistent,bitmask,11.111,19.942818640000002,11.567,12.175,17.18174627090015,0.6466746641939497,1.1606980062193177,40496,BT512/TPT1,BT512/TPT1,qleaf/gpu/persistent/compact/bt:512/transposed:1/bitmask:1/cached:0/mapped:0/crossreduce:1/tpt:1/nodestride:1,cuda/persistent/compact/bt:512/transposed:1/bitmask:1/cached:0/mapped:0/crossreduce:1/tpt:1/nodestride:1/features:28/real_time,bench/results/latency/ablation_hdr_100k_2026_06_19/gpu_ablation_path/higgs/n1000/qleaf_gpu_ablation_bt512/summary.json,bench/results/latency/full_regen_2026_06_18/gpu_worker_ablation/higgs/n1000/bt512/worker_bench_cuda.json
higgs,2000,step0,Step 0: Naive Persistent,traversal,9.687,17.469317139999998,10.383,11.895,15.270859323521718,0.6343454415220173,1.1439642504657215,46184,BT512,BT512,qleaf/gpu/persistent/compact/bt:512/transposed:1/bitmask:0/cached:0/mapped:0/crossreduce:1,cuda/persistent/compact/bt:512/transposed:1/bitmask:0/cached:0/mapped:0/crossreduce:1/features:28/real_time,bench/results/latency/ablation_hdr_100k_2026_06_19/gpu_ablation_path/higgs/n2000/qleaf_gpu_ablation_bt512/summary.json,bench/results/latency/full_regen_2026_06_18/gpu_worker_ablation/higgs/n2000/bt512/worker_bench_cuda.json
higgs,2000,step0,Step 0: Naive Persistent,bitmask,14.103,25.4266574,14.887,18.879,21.348703950152647,0.6606021626853447,1.1910164410621373,31721,BT512/TPT1,BT512/TPT1,qleaf/gpu/persistent/compact/bt:512/transposed:1/bitmask:1/cached:0/mapped:0/crossreduce:1/tpt:1/nodestride:1,cuda/persistent/compact/bt:512/transposed:1/bitmask:1/cached:0/mapped:0/crossreduce:1/tpt:1/nodestride:1/features:28/real_time,bench/results/latency/ablation_hdr_100k_2026_06_19/gpu_ablation_path/higgs/n2000/qleaf_gpu_ablation_bt512/summary.json,bench/results/latency/full_regen_2026_06_18/gpu_worker_ablation/higgs/n2000/bt512/worker_bench_cuda.json
higgs,5000,step0,Step 0: Naive Persistent,traversal,25.807,56.782276319999994,28.415,2293.759,36.70566944139646,0.7030793987071382,1.5469620138833715,18741,BT512,BT512,qleaf/gpu/persistent/compact/bt:512/transposed:1/bitmask:0/cached:0/mapped:0/crossreduce:1,cuda/persistent/compact/bt:512/transposed:1/bitmask:0/cached:0/mapped:0/crossreduce:1/features:28/real_time,bench/results/latency/ablation_hdr_100k_2026_06_19/gpu_ablation_path/higgs/n5000/qleaf_gpu_ablation_bt512/summary.json,bench/results/latency/full_regen_2026_06_18/gpu_worker_ablation/higgs/n5000/bt512/worker_bench_cuda.json
higgs,5000,step0,Step 0: Naive Persistent,bitmask,37.663,72.20994207999999,41.343,2299.903,53.14942126816636,0.70862483732364,1.3586214178262344,13457,BT512/TPT1,BT512/TPT1,qleaf/gpu/persistent/compact/bt:512/transposed:1/bitmask:1/cached:0/mapped:0/crossreduce:1/tpt:1/nodestride:1,cuda/persistent/compact/bt:512/transposed:1/bitmask:1/cached:0/mapped:0/crossreduce:1/tpt:1/nodestride:1/features:28/real_time,bench/results/latency/ablation_hdr_100k_2026_06_19/gpu_ablation_path/higgs/n5000/qleaf_gpu_ablation_bt512/summary.json,bench/results/latency/full_regen_2026_06_18/gpu_worker_ablation/higgs/n5000/bt512/worker_bench_cuda.json
epsilon,500,step0,Step 0: Naive Persistent,traversal,6.627,15.48934708,7.255,10.503,12.309263327496053,0.5383750289261269,1.258348827862052,55186,BT1024,BT1024,qleaf/gpu/persistent/compact/bt:1024/transposed:1/bitmask:0/cached:0/mapped:0/crossreduce:1,cuda/persistent/compact/bt:1024/transposed:1/bitmask:0/cached:0/mapped:0/crossreduce:1/features:2000/real_time,bench/results/latency/ablation_hdr_100k_2026_06_19/gpu_ablation_path/epsilon/n500/qleaf_gpu_ablation_bt1024/summary.json,bench/results/latency/full_regen_2026_06_18/gpu_worker_ablation/epsilon/n500/bt1024/worker_bench_cuda.json
epsilon,500,step0,Step 0: Naive Persistent,bitmask,16.447,38.0035056,16.991,30.799,24.900183304591618,0.6605172258698656,1.5262339692492188,27517,BT1024/TPT1,BT1024/TPT1,qleaf/gpu/persistent/compact/bt:1024/transposed:1/bitmask:1/cached:0/mapped:0/crossreduce:1/tpt:1/nodestride:1,cuda/persistent/compact/bt:1024/transposed:1/bitmask:1/cached:0/mapped:0/crossreduce:1/tpt:1/nodestride:1/features:2000/real_time,bench/results/latency/ablation_hdr_100k_2026_06_19/gpu_ablation_path/epsilon/n500/qleaf_gpu_ablation_bt1024/summary.json,bench/results/latency/full_regen_2026_06_18/gpu_worker_ablation/epsilon/n500/bt1024/worker_bench_cuda.json
epsilon,1000,step0,Step 0: Naive Persistent,traversal,6.867,16.38262314,7.583,17.007,15.056921439553518,0.456069325165027,1.0880459996931346,46041,BT1024,BT1024,qleaf/gpu/persistent/compact/bt:1024/transposed:1/bitmask:0/cached:0/mapped:0/crossreduce:1,cuda/persistent/compact/bt:1024/transposed:1/bitmask:0/cached:0/mapped:0/crossreduce:1/features:2000/real_time,bench/results/latency/ablation_hdr_100k_2026_06_19/gpu_ablation_path/epsilon/n1000/qleaf_gpu_ablation_bt1024/summary.json,bench/results/latency/full_regen_2026_06_18/gpu_worker_ablation/epsilon/n1000/bt1024/worker_bench_cuda.json
epsilon,1000,step0,Step 0: Naive Persistent,bitmask,26.479,73.76675904000001,27.167,2297.855,38.85271416825621,0.6815225285247666,1.8986256332194567,17101,BT1024/TPT1,BT1024/TPT1,qleaf/gpu/persistent/compact/bt:1024/transposed:1/bitmask:1/cached:0/mapped:0/crossreduce:1/tpt:1/nodestride:1,cuda/persistent/compact/bt:1024/transposed:1/bitmask:1/cached:0/mapped:0/crossreduce:1/tpt:1/nodestride:1/features:2000/real_time,bench/results/latency/ablation_hdr_100k_2026_06_19/gpu_ablation_path/epsilon/n1000/qleaf_gpu_ablation_bt1024/summary.json,bench/results/latency/full_regen_2026_06_18/gpu_worker_ablation/epsilon/n1000/bt1024/worker_bench_cuda.json
epsilon,2000,step0,Step 0: Naive Persistent,traversal,7.539,17.95394786,8.383,11.407,15.878043537110715,0.4748066084073637,1.1307405612056303,45088,BT1024,BT1024,qleaf/gpu/persistent/compact/bt:1024/transposed:1/bitmask:0/cached:0/mapped:0/crossreduce:1,cuda/persistent/compact/bt:1024/transposed:1/bitmask:0/cached:0/mapped:0/crossreduce:1/features:2000/real_time,bench/results/latency/ablation_hdr_100k_2026_06_19/gpu_ablation_path/epsilon/n2000/qleaf_gpu_ablation_bt1024/summary.json,bench/results/latency/full_regen_2026_06_18/gpu_worker_ablation/epsilon/n2000/bt1024/worker_bench_cuda.json
epsilon,2000,step0,Step 0: Naive Persistent,bitmask,27.423,63.138938800000005,27.967,2295.807,40.41364036884445,0.6785580252043033,1.562317530015803,16820,BT1024/TPT1,BT1024/TPT1,qleaf/gpu/persistent/compact/bt:1024/transposed:1/bitmask:1/cached:0/mapped:0/crossreduce:1/tpt:1/nodestride:1,cuda/persistent/compact/bt:1024/transposed:1/bitmask:1/cached:0/mapped:0/crossreduce:1/tpt:1/nodestride:1/features:2000/real_time,bench/results/latency/ablation_hdr_100k_2026_06_19/gpu_ablation_path/epsilon/n2000/qleaf_gpu_ablation_bt1024/summary.json,bench/results/latency/full_regen_2026_06_18/gpu_worker_ablation/epsilon/n2000/bt1024/worker_bench_cuda.json
epsilon,5000,step0,Step 0: Naive Persistent,traversal,13.311,31.1628756,14.751,26.991,23.753078613501817,0.5603905168079438,1.3119510151533065,28621,BT1024,BT1024,qleaf/gpu/persistent/compact/bt:1024/transposed:1/bitmask:0/cached:0/mapped:0/crossreduce:1,cuda/persistent/compact/bt:1024/transposed:1/bitmask:0/cached:0/mapped:0/crossreduce:1/features:2000/real_time,bench/results/latency/ablation_hdr_100k_2026_06_19/gpu_ablation_path/epsilon/n5000/qleaf_gpu_ablation_bt1024/summary.json,bench/results/latency/full_regen_2026_06_18/gpu_worker_ablation/epsilon/n5000/bt1024/worker_bench_cuda.json
epsilon,5000,step0,Step 0: Naive Persistent,bitmask,36.031,82.19437184,37.215,2312.191,53.178595989810674,0.6775470342786738,1.5456288439008228,11970,BT1024/TPT1,BT1024/TPT1,qleaf/gpu/persistent/compact/bt:1024/transposed:1/bitmask:1/cached:0/mapped:0/crossreduce:1/tpt:1/nodestride:1,cuda/persistent/compact/bt:1024/transposed:1/bitmask:1/cached:0/mapped:0/crossreduce:1/tpt:1/nodestride:1/features:2000/real_time,bench/results/latency/ablation_hdr_100k_2026_06_19/gpu_ablation_path/epsilon/n5000/qleaf_gpu_ablation_bt1024/summary.json,bench/results/latency/full_regen_2026_06_18/gpu_worker_ablation/epsilon/n5000/bt1024/worker_bench_cuda.json
higgs,500,step1,Step 1: Mapped Input,traversal,5.723,6.3385788000000005,6.131,7.019,6.242878904820365,0.916724493179109,1.0153294492234572,112647,BT512,BT512,qleaf/gpu/persistent/compact/bt:512/transposed:1/bitmask:0/cached:0/mapped:1/crossreduce:1,cuda/persistent/compact/bt:512/transposed:1/bitmask:0/cached:0/mapped:1/crossreduce:1/features:28/real_time,bench/results/latency/ablation_hdr_100k_2026_06_19/gpu_ablation_path/higgs/n500/qleaf_gpu_ablation_bt512/summary.json,bench/results/latency/full_regen_2026_06_18/gpu_worker_ablation/higgs/n500/bt512/worker_bench_cuda.json
higgs,500,step1,Step 1: Mapped Input,bitmask,10.359,11.42465316,10.759,16.231,10.93216420935796,0.9475708379071611,1.0450495383357365,61787,BT512/TPT1,BT512/TPT1,qleaf/gpu/persistent/compact/bt:512/transposed:1/bitmask:1/cached:0/mapped:1/crossreduce:1/tpt:1/nodestride:1,cuda/persistent/compact/bt:512/transposed:1/bitmask:1/cached:0/mapped:1/crossreduce:1/tpt:1/nodestride:1/features:28/real_time,bench/results/latency/ablation_hdr_100k_2026_06_19/gpu_ablation_path/higgs/n500/qleaf_gpu_ablation_bt512/summary.json,bench/results/latency/full_regen_2026_06_18/gpu_worker_ablation/higgs/n500/bt512/worker_bench_cuda.json
higgs,1000,step1,Step 1: Mapped Input,traversal,6.243,6.881633979999999,6.699,9.863,6.63632349740304,0.9407317172592692,1.036964816843687,107123,BT512,BT512,qleaf/gpu/persistent/compact/bt:512/transposed:1/bitmask:0/cached:0/mapped:1/crossreduce:1,cuda/persistent/compact/bt:512/transposed:1/bitmask:0/cached:0/mapped:1/crossreduce:1/features:28/real_time,bench/results/latency/ablation_hdr_100k_2026_06_19/gpu_ablation_path/higgs/n1000/qleaf_gpu_ablation_bt512/summary.json,bench/results/latency/full_regen_2026_06_18/gpu_worker_ablation/higgs/n1000/bt512/worker_bench_cuda.json
higgs,1000,step1,Step 1: Mapped Input,bitmask,10.535,11.55119456,10.991,17.071,11.428301543732472,0.921834269045659,1.0107533928639576,60827,BT512/TPT1,BT512/TPT1,qleaf/gpu/persistent/compact/bt:512/transposed:1/bitmask:1/cached:0/mapped:1/crossreduce:1/tpt:1/nodestride:1,cuda/persistent/compact/bt:512/transposed:1/bitmask:1/cached:0/mapped:1/crossreduce:1/tpt:1/nodestride:1/features:28/real_time,bench/results/latency/ablation_hdr_100k_2026_06_19/gpu_ablation_path/higgs/n1000/qleaf_gpu_ablation_bt512/summary.json,bench/results/latency/full_regen_2026_06_18/gpu_worker_ablation/higgs/n1000/bt512/worker_bench_cuda.json
higgs,2000,step1,Step 1: Mapped Input,traversal,9.103,9.96043976,9.895,16.415,9.843061432639745,0.9248138968039262,1.011924981690252,71086,BT512,BT512,qleaf/gpu/persistent/compact/bt:512/transposed:1/bitmask:0/cached:0/mapped:1/crossreduce:1,cuda/persistent/compact/bt:512/transposed:1/bitmask:0/cached:0/mapped:1/crossreduce:1/features:28/real_time,bench/results/latency/ablation_hdr_100k_2026_06_19/gpu_ablation_path/higgs/n2000/qleaf_gpu_ablation_bt512/summary.json,bench/results/latency/full_regen_2026_06_18/gpu_worker_ablation/higgs/n2000/bt512/worker_bench_cuda.json
higgs,2000,step1,Step 1: Mapped Input,bitmask,13.759,15.0875078,14.695,25.167,14.630618071798484,0.9404250683381185,1.0312283271943379,46404,BT512/TPT1,BT512/TPT1,qleaf/gpu/persistent/compact/bt:512/transposed:1/bitmask:1/cached:0/mapped:1/crossreduce:1/tpt:1/nodestride:1,cuda/persistent/compact/bt:512/transposed:1/bitmask:1/cached:0/mapped:1/crossreduce:1/tpt:1/nodestride:1/features:28/real_time,bench/results/latency/ablation_hdr_100k_2026_06_19/gpu_ablation_path/higgs/n2000/qleaf_gpu_ablation_bt512/summary.json,bench/results/latency/full_regen_2026_06_18/gpu_worker_ablation/higgs/n2000/bt512/worker_bench_cuda.json
higgs,5000,step1,Step 1: Mapped Input,traversal,26.687,29.16767744,29.519,43.455,27.7108894550695,0.9630510071959388,1.052570957251031,24723,BT512,BT512,qleaf/gpu/persistent/compact/bt:512/transposed:1/bitmask:0/cached:0/mapped:1/crossreduce:1,cuda/persistent/compact/bt:512/transposed:1/bitmask:0/cached:0/mapped:1/crossreduce:1/features:28/real_time,bench/results/latency/ablation_hdr_100k_2026_06_19/gpu_ablation_path/higgs/n5000/qleaf_gpu_ablation_bt512/summary.json,bench/results/latency/full_regen_2026_06_18/gpu_worker_ablation/higgs/n5000/bt512/worker_bench_cuda.json
higgs,5000,step1,Step 1: Mapped Input,bitmask,37.407,40.79684752,40.959,211.327,38.160084003682265,0.9802651376865523,1.0690974243155047,18035,BT512/TPT1,BT512/TPT1,qleaf/gpu/persistent/compact/bt:512/transposed:1/bitmask:1/cached:0/mapped:1/crossreduce:1/tpt:1/nodestride:1,cuda/persistent/compact/bt:512/transposed:1/bitmask:1/cached:0/mapped:1/crossreduce:1/tpt:1/nodestride:1/features:28/real_time,bench/results/latency/ablation_hdr_100k_2026_06_19/gpu_ablation_path/higgs/n5000/qleaf_gpu_ablation_bt512/summary.json,bench/results/latency/full_regen_2026_06_18/gpu_worker_ablation/higgs/n5000/bt512/worker_bench_cuda.json
epsilon,500,step1,Step 1: Mapped Input,traversal,7.615,8.39322878,8.231,11.551,9.14454107886878,0.8327372510356758,0.9178403495168375,76645,BT1024,BT1024,qleaf/gpu/persistent/compact/bt:1024/transposed:1/bitmask:0/cached:0/mapped:1/crossreduce:1,cuda/persistent/compact/bt:1024/transposed:1/bitmask:0/cached:0/mapped:1/crossreduce:1/features:2000/real_time,bench/results/latency/ablation_hdr_100k_2026_06_19/gpu_ablation_path/epsilon/n500/qleaf_gpu_ablation_bt1024/summary.json,bench/results/latency/full_regen_2026_06_18/gpu_worker_ablation/epsilon/n500/bt1024/worker_bench_cuda.json
epsilon,500,step1,Step 1: Mapped Input,bitmask,17.375,19.24202124,18.223,30.751,18.738215451838062,0.9272494515103709,1.0268865404742968,37368,BT1024/TPT1,BT1024/TPT1,qleaf/gpu/persistent/compact/bt:1024/transposed:1/bitmask:1/cached:0/mapped:1/crossreduce:1/tpt:1/nodestride:1,cuda/persistent/compact/bt:1024/transposed:1/bitmask:1/cached:0/mapped:1/crossreduce:1/tpt:1/nodestride:1/features:2000/real_time,bench/results/latency/ablation_hdr_100k_2026_06_19/gpu_ablation_path/epsilon/n500/qleaf_gpu_ablation_bt1024/summary.json,bench/results/latency/full_regen_2026_06_18/gpu_worker_ablation/epsilon/n500/bt1024/worker_bench_cuda.json
epsilon,1000,step1,Step 1: Mapped Input,traversal,7.891,8.780001899999998,8.559,12.087,11.556705297349104,0.6828070628235238,0.7597322657361497,60824,BT1024,BT1024,qleaf/gpu/persistent/compact/bt:1024/transposed:1/bitmask:0/cached:0/mapped:1/crossreduce:1,cuda/persistent/compact/bt:1024/transposed:1/bitmask:0/cached:0/mapped:1/crossreduce:1/features:2000/real_time,bench/results/latency/ablation_hdr_100k_2026_06_19/gpu_ablation_path/epsilon/n1000/qleaf_gpu_ablation_bt1024/summary.json,bench/results/latency/full_regen_2026_06_18/gpu_worker_ablation/epsilon/n1000/bt1024/worker_bench_cuda.json
epsilon,1000,step1,Step 1: Mapped Input,bitmask,27.487,30.35756888,28.127,195.583,29.31039518185212,0.937790153611402,1.0357270412647404,22954,BT1024/TPT1,BT1024/TPT1,qleaf/gpu/persistent/compact/bt:1024/transposed:1/bitmask:1/cached:0/mapped:1/crossreduce:1/tpt:1/nodestride:1,cuda/persistent/compact/bt:1024/transposed:1/bitmask:1/cached:0/mapped:1/crossreduce:1/tpt:1/nodestride:1/features:2000/real_time,bench/results/latency/ablation_hdr_100k_2026_06_19/gpu_ablation_path/epsilon/n1000/qleaf_gpu_ablation_bt1024/summary.json,bench/results/latency/full_regen_2026_06_18/gpu_worker_ablation/epsilon/n1000/bt1024/worker_bench_cuda.json
epsilon,2000,step1,Step 1: Mapped Input,traversal,8.511,9.4505678,9.311,12.599,12.12159253264141,0.7021354642206713,0.7796473750912852,58736,BT1024,BT1024,qleaf/gpu/persistent/compact/bt:1024/transposed:1/bitmask:0/cached:0/mapped:1/crossreduce:1,cuda/persistent/compact/bt:1024/transposed:1/bitmask:0/cached:0/mapped:1/crossreduce:1/features:2000/real_time,bench/results/latency/ablation_hdr_100k_2026_06_19/gpu_ablation_path/epsilon/n2000/qleaf_gpu_ablation_bt1024/summary.json,bench/results/latency/full_regen_2026_06_18/gpu_worker_ablation/epsilon/n2000/bt1024/worker_bench_cuda.json
epsilon,2000,step1,Step 1: Mapped Input,bitmask,28.415,31.3818184,29.167,197.887,30.927402345875176,0.9187645209326719,1.0146929913169842,21822,BT1024/TPT1,BT1024/TPT1,qleaf/gpu/persistent/compact/bt:1024/transposed:1/bitmask:1/cached:0/mapped:1/crossreduce:1/tpt:1/nodestride:1,cuda/persistent/compact/bt:1024/transposed:1/bitmask:1/cached:0/mapped:1/crossreduce:1/tpt:1/nodestride:1/features:2000/real_time,bench/results/latency/ablation_hdr_100k_2026_06_19/gpu_ablation_path/epsilon/n2000/qleaf_gpu_ablation_bt1024/summary.json,bench/results/latency/full_regen_2026_06_18/gpu_worker_ablation/epsilon/n2000/bt1024/worker_bench_cuda.json
epsilon,5000,step1,Step 1: Mapped Input,traversal,14.935,16.551059000000002,16.735,27.167,19.03490375968282,0.7846112693058798,0.869511041871209,36388,BT1024,BT1024,qleaf/gpu/persistent/compact/bt:1024/transposed:1/bitmask:0/cached:0/mapped:1/crossreduce:1,cuda/persistent/compact/bt:1024/transposed:1/bitmask:0/cached:0/mapped:1/crossreduce:1/features:2000/real_time,bench/results/latency/ablation_hdr_100k_2026_06_19/gpu_ablation_path/epsilon/n5000/qleaf_gpu_ablation_bt1024/summary.json,bench/results/latency/full_regen_2026_06_18/gpu_worker_ablation/epsilon/n5000/bt1024/worker_bench_cuda.json
epsilon,5000,step1,Step 1: Mapped Input,bitmask,37.471,41.70753584,39.711,238.335,40.20089547163036,0.9320936650887083,1.0374777812955154,16828,BT1024/TPT1,BT1024/TPT1,qleaf/gpu/persistent/compact/bt:1024/transposed:1/bitmask:1/cached:0/mapped:1/crossreduce:1/tpt:1/nodestride:1,cuda/persistent/compact/bt:1024/transposed:1/bitmask:1/cached:0/mapped:1/crossreduce:1/tpt:1/nodestride:1/features:2000/real_time,bench/results/latency/ablation_hdr_100k_2026_06_19/gpu_ablation_path/epsilon/n5000/qleaf_gpu_ablation_bt1024/summary.json,bench/results/latency/full_regen_2026_06_18/gpu_worker_ablation/epsilon/n5000/bt1024/worker_bench_cuda.json
higgs,500,step2,Step 2: No Cross-Reduce,traversal,4.263,4.72474708,4.619,5.075,4.695509737404827,0.9078886507338237,1.0062266599858725,146497,BT512,BT512,qleaf/gpu/persistent/compact/bt:512/transposed:1/bitmask:0/cached:0/mapped:1/crossreduce:0,cuda/persistent/compact/bt:512/transposed:1/bitmask:0/cached:0/mapped:1/crossreduce:0/features:28/real_time,bench/results/latency/ablation_hdr_100k_2026_06_19/gpu_ablation_path/higgs/n500/qleaf_gpu_ablation_bt512/summary.json,bench/results/latency/full_regen_2026_06_18/gpu_worker_ablation/higgs/n500/bt512/worker_bench_cuda.json
higgs,500,step2,Step 2: No Cross-Reduce,bitmask,8.759,9.66952444,9.119,10.175,9.294379946635605,0.9423974541917235,1.0403625089052004,72018,BT512/TPT1,BT512/TPT1,qleaf/gpu/persistent/compact/bt:512/transposed:1/bitmask:1/cached:0/mapped:1/crossreduce:0/tpt:1/nodestride:1,cuda/persistent/compact/bt:512/transposed:1/bitmask:1/cached:0/mapped:1/crossreduce:0/tpt:1/nodestride:1/features:28/real_time,bench/results/latency/ablation_hdr_100k_2026_06_19/gpu_ablation_path/higgs/n500/qleaf_gpu_ablation_bt512/summary.json,bench/results/latency/full_regen_2026_06_18/gpu_worker_ablation/higgs/n500/bt512/worker_bench_cuda.json
higgs,1000,step2,Step 2: No Cross-Reduce,traversal,4.623,5.08392032,4.939,5.815,5.125221735559999,0.9020097546072073,0.9919415358610847,134692,BT512,BT512,qleaf/gpu/persistent/compact/bt:512/transposed:1/bitmask:0/cached:0/mapped:1/crossreduce:0,cuda/persistent/compact/bt:512/transposed:1/bitmask:0/cached:0/mapped:1/crossreduce:0/features:28/real_time,bench/results/latency/ablation_hdr_100k_2026_06_19/gpu_ablation_path/higgs/n1000/qleaf_gpu_ablation_bt512/summary.json,bench/results/latency/full_regen_2026_06_18/gpu_worker_ablation/higgs/n1000/bt512/worker_bench_cuda.json
higgs,1000,step2,Step 2: No Cross-Reduce,bitmask,9.015,10.12399068,9.583,12.415,9.581547934800883,0.9408709387401655,1.0566132684290945,74622,BT512/TPT1,BT512/TPT1,qleaf/gpu/persistent/compact/bt:512/transposed:1/bitmask:1/cached:0/mapped:1/crossreduce:0/tpt:1/nodestride:1,cuda/persistent/compact/bt:512/transposed:1/bitmask:1/cached:0/mapped:1/crossreduce:0/tpt:1/nodestride:1/features:28/real_time,bench/results/latency/ablation_hdr_100k_2026_06_19/gpu_ablation_path/higgs/n1000/qleaf_gpu_ablation_bt512/summary.json,bench/results/latency/full_regen_2026_06_18/gpu_worker_ablation/higgs/n1000/bt512/worker_bench_cuda.json
higgs,2000,step2,Step 2: No Cross-Reduce,traversal,6.191,6.8078053,6.735,9.095,6.573448153797064,0.9418192484600113,1.0356520871116268,107356,BT512,BT512,qleaf/gpu/persistent/compact/bt:512/transposed:1/bitmask:0/cached:0/mapped:1/crossreduce:0,cuda/persistent/compact/bt:512/transposed:1/bitmask:0/cached:0/mapped:1/crossreduce:0/features:28/real_time,bench/results/latency/ablation_hdr_100k_2026_06_19/gpu_ablation_path/higgs/n2000/qleaf_gpu_ablation_bt512/summary.json,bench/results/latency/full_regen_2026_06_18/gpu_worker_ablation/higgs/n2000/bt512/worker_bench_cuda.json
higgs,2000,step2,Step 2: No Cross-Reduce,bitmask,10.527,11.66868804,11.695,19.247,11.329196255580571,0.9291921300078614,1.029966096160811,59876,BT512/TPT1,BT512/TPT1,qleaf/gpu/persistent/compact/bt:512/transposed:1/bitmask:1/cached:0/mapped:1/crossreduce:0/tpt:1/nodestride:1,cuda/persistent/compact/bt:512/transposed:1/bitmask:1/cached:0/mapped:1/crossreduce:0/tpt:1/nodestride:1/features:28/real_time,bench/results/latency/ablation_hdr_100k_2026_06_19/gpu_ablation_path/higgs/n2000/qleaf_gpu_ablation_bt512/summary.json,bench/results/latency/full_regen_2026_06_18/gpu_worker_ablation/higgs/n2000/bt512/worker_bench_cuda.json
higgs,5000,step2,Step 2: No Cross-Reduce,traversal,17.823,19.5428206,20.127,32.111,17.628412874255634,1.0110382668668114,1.108597849358302,39179,BT512,BT512,qleaf/gpu/persistent/compact/bt:512/transposed:1/bitmask:0/cached:0/mapped:1/crossreduce:0,cuda/persistent/compact/bt:512/transposed:1/bitmask:0/cached:0/mapped:1/crossreduce:0/features:28/real_time,bench/results/latency/ablation_hdr_100k_2026_06_19/gpu_ablation_path/higgs/n5000/qleaf_gpu_ablation_bt512/summary.json,bench/results/latency/full_regen_2026_06_18/gpu_worker_ablation/higgs/n5000/bt512/worker_bench_cuda.json
higgs,5000,step2,Step 2: No Cross-Reduce,bitmask,27.903,30.69785936,31.359,56.159,28.02921936547671,0.9954968647599164,1.095209215773245,24466,BT512/TPT1,BT512/TPT1,qleaf/gpu/persistent/compact/bt:512/transposed:1/bitmask:1/cached:0/mapped:1/crossreduce:0/tpt:1/nodestride:1,cuda/persistent/compact/bt:512/transposed:1/bitmask:1/cached:0/mapped:1/crossreduce:0/tpt:1/nodestride:1/features:28/real_time,bench/results/latency/ablation_hdr_100k_2026_06_19/gpu_ablation_path/higgs/n5000/qleaf_gpu_ablation_bt512/summary.json,bench/results/latency/full_regen_2026_06_18/gpu_worker_ablation/higgs/n5000/bt512/worker_bench_cuda.json
epsilon,500,step2,Step 2: No Cross-Reduce,traversal,6.031,6.71693042,6.603,9.767,7.498210269865828,0.8043252700231248,0.8958044891051304,92562,BT1024,BT1024,qleaf/gpu/persistent/compact/bt:1024/transposed:1/bitmask:0/cached:0/mapped:1/crossreduce:0,cuda/persistent/compact/bt:1024/transposed:1/bitmask:0/cached:0/mapped:1/crossreduce:0/features:2000/real_time,bench/results/latency/ablation_hdr_100k_2026_06_19/gpu_ablation_path/epsilon/n500/qleaf_gpu_ablation_bt1024/summary.json,bench/results/latency/full_regen_2026_06_18/gpu_worker_ablation/epsilon/n500/bt1024/worker_bench_cuda.json
epsilon,500,step2,Step 2: No Cross-Reduce,bitmask,15.775,17.353672839999998,16.279,22.223,16.841044772294353,0.9366996058315734,1.0304392081748386,40963,BT1024/TPT1,BT1024/TPT1,qleaf/gpu/persistent/compact/bt:1024/transposed:1/bitmask:1/cached:0/mapped:1/crossreduce:0/tpt:1/nodestride:1,cuda/persistent/compact/bt:1024/transposed:1/bitmask:1/cached:0/mapped:1/crossreduce:0/tpt:1/nodestride:1/features:2000/real_time,bench/results/latency/ablation_hdr_100k_2026_06_19/gpu_ablation_path/epsilon/n500/qleaf_gpu_ablation_bt1024/summary.json,bench/results/latency/full_regen_2026_06_18/gpu_worker_ablation/epsilon/n500/bt1024/worker_bench_cuda.json
epsilon,1000,step2,Step 2: No Cross-Reduce,traversal,6.627,7.378743999999999,7.219,10.823,10.141105636584658,0.6534790423731207,0.7276074487756768,68376,BT1024,BT1024,qleaf/gpu/persistent/compact/bt:1024/transposed:1/bitmask:0/cached:0/mapped:1/crossreduce:0,cuda/persistent/compact/bt:1024/transposed:1/bitmask:0/cached:0/mapped:1/crossreduce:0/features:2000/real_time,bench/results/latency/ablation_hdr_100k_2026_06_19/gpu_ablation_path/epsilon/n1000/qleaf_gpu_ablation_bt1024/summary.json,bench/results/latency/full_regen_2026_06_18/gpu_worker_ablation/epsilon/n1000/bt1024/worker_bench_cuda.json
epsilon,1000,step2,Step 2: No Cross-Reduce,bitmask,25.999,28.6464596,26.559,193.535,27.877584317223075,0.9326130881411246,1.027580412779952,24052,BT1024/TPT1,BT1024/TPT1,qleaf/gpu/persistent/compact/bt:1024/transposed:1/bitmask:1/cached:0/mapped:1/crossreduce:0/tpt:1/nodestride:1,cuda/persistent/compact/bt:1024/transposed:1/bitmask:1/cached:0/mapped:1/crossreduce:0/tpt:1/nodestride:1/features:2000/real_time,bench/results/latency/ablation_hdr_100k_2026_06_19/gpu_ablation_path/epsilon/n1000/qleaf_gpu_ablation_bt1024/summary.json,bench/results/latency/full_regen_2026_06_18/gpu_worker_ablation/epsilon/n1000/bt1024/worker_bench_cuda.json
epsilon,2000,step2,Step 2: No Cross-Reduce,traversal,6.919,7.72229596,7.627,10.887,10.376527696144377,0.6667933823923492,0.7442080998703821,65009,BT1024,BT1024,qleaf/gpu/persistent/compact/bt:1024/transposed:1/bitmask:0/cached:0/mapped:1/crossreduce:0,cuda/persistent/compact/bt:1024/transposed:1/bitmask:0/cached:0/mapped:1/crossreduce:0/features:2000/real_time,bench/results/latency/ablation_hdr_100k_2026_06_19/gpu_ablation_path/epsilon/n2000/qleaf_gpu_ablation_bt1024/summary.json,bench/results/latency/full_regen_2026_06_18/gpu_worker_ablation/epsilon/n2000/bt1024/worker_bench_cuda.json
epsilon,2000,step2,Step 2: No Cross-Reduce,bitmask,26.655,29.45168136,27.311,195.583,28.853381464703244,0.9238085328961337,1.0207358675110112,23339,BT1024/TPT1,BT1024/TPT1,qleaf/gpu/persistent/compact/bt:1024/transposed:1/bitmask:1/cached:0/mapped:1/crossreduce:0/tpt:1/nodestride:1,cuda/persistent/compact/bt:1024/transposed:1/bitmask:1/cached:0/mapped:1/crossreduce:0/tpt:1/nodestride:1/features:2000/real_time,bench/results/latency/ablation_hdr_100k_2026_06_19/gpu_ablation_path/epsilon/n2000/qleaf_gpu_ablation_bt1024/summary.json,bench/results/latency/full_regen_2026_06_18/gpu_worker_ablation/epsilon/n2000/bt1024/worker_bench_cuda.json
epsilon,5000,step2,Step 2: No Cross-Reduce,traversal,10.583,11.946286319999999,12.711,23.327,13.886276873595023,0.7621193280485242,0.8602944063945644,47249,BT1024,BT1024,qleaf/gpu/persistent/compact/bt:1024/transposed:1/bitmask:0/cached:0/mapped:1/crossreduce:0,cuda/persistent/compact/bt:1024/transposed:1/bitmask:0/cached:0/mapped:1/crossreduce:0/features:2000/real_time,bench/results/latency/ablation_hdr_100k_2026_06_19/gpu_ablation_path/epsilon/n5000/qleaf_gpu_ablation_bt1024/summary.json,bench/results/latency/full_regen_2026_06_18/gpu_worker_ablation/epsilon/n5000/bt1024/worker_bench_cuda.json
epsilon,5000,step2,Step 2: No Cross-Reduce,bitmask,32.479,35.836794000000005,33.855,203.903,35.08809127049541,0.9256416870789058,1.0213378015843841,19634,BT1024/TPT1,BT1024/TPT1,qleaf/gpu/persistent/compact/bt:1024/transposed:1/bitmask:1/cached:0/mapped:1/crossreduce:0/tpt:1/nodestride:1,cuda/persistent/compact/bt:1024/transposed:1/bitmask:1/cached:0/mapped:1/crossreduce:0/tpt:1/nodestride:1/features:2000/real_time,bench/results/latency/ablation_hdr_100k_2026_06_19/gpu_ablation_path/epsilon/n5000/qleaf_gpu_ablation_bt1024/summary.json,bench/results/latency/full_regen_2026_06_18/gpu_worker_ablation/epsilon/n5000/bt1024/worker_bench_cuda.json
higgs,500,step3,Step 3: Single Poller,traversal,4.551,5.03613958,4.887,5.363,5.1044504799938295,0.8915749144471085,0.986617384131443,100000,BT512,BT512,qleaf/gpu/persistent/compact/bt:512/transposed:1/bitmask:0/cached:0/mapped:1/crossreduce:0/sp:1/stage:1/seqflag:1,cuda/persistent/compact/bt:512/transposed:1/bitmask:0/cached:0/mapped:1/crossreduce:0/sp:1/stage:1/seqflag:1/features:28/real_time,bench/results/latency/ablation_hdr_100k_2026_06_19/gpu_ablation_path/higgs/n500/qleaf_gpu_ablation_bt512/summary.json,bench/results/latency/full_regen_2026_06_18/gpu_worker_ablation/higgs/n500/bt512/worker_bench_cuda.json
higgs,500,step3,Step 3: Single Poller,bitmask,9.111,10.05594416,9.439,12.887,9.647130183789255,0.9444259408160418,1.042376745044625,67228,BT512/TPT1,BT512/TPT1,qleaf/gpu/persistent/compact/bt:512/transposed:1/bitmask:1/cached:0/mapped:1/crossreduce:0/sp:1/stage:1/seqflag:1/tpt:1/nodestride:1,cuda/persistent/compact/bt:512/transposed:1/bitmask:1/cached:0/mapped:1/crossreduce:0/sp:1/stage:1/seqflag:1/tpt:1/nodestride:1/features:28/real_time,bench/results/latency/ablation_hdr_100k_2026_06_19/gpu_ablation_path/higgs/n500/qleaf_gpu_ablation_bt512/summary.json,bench/results/latency/full_regen_2026_06_18/gpu_worker_ablation/higgs/n500/bt512/worker_bench_cuda.json
higgs,1000,step3,Step 3: Single Poller,traversal,4.655,5.13670868,5.063,6.367,5.176260513428451,0.89929785951148,0.9923589948137571,134661,BT512,BT512,qleaf/gpu/persistent/compact/bt:512/transposed:1/bitmask:0/cached:0/mapped:1/crossreduce:0/sp:1/stage:1/seqflag:1,cuda/persistent/compact/bt:512/transposed:1/bitmask:0/cached:0/mapped:1/crossreduce:0/sp:1/stage:1/seqflag:1/features:28/real_time,bench/results/latency/ablation_hdr_100k_2026_06_19/gpu_ablation_path/higgs/n1000/qleaf_gpu_ablation_bt512/summary.json,bench/results/latency/full_regen_2026_06_18/gpu_worker_ablation/higgs/n1000/bt512/worker_bench_cuda.json
higgs,1000,step3,Step 3: Single Poller,bitmask,9.151,9.92204088,9.455,13.391,10.007897548764866,0.9143778656216738,0.9914211083450328,70697,BT512/TPT1,BT512/TPT1,qleaf/gpu/persistent/compact/bt:512/transposed:1/bitmask:1/cached:0/mapped:1/crossreduce:0/sp:1/stage:1/seqflag:1/tpt:1/nodestride:1,cuda/persistent/compact/bt:512/transposed:1/bitmask:1/cached:0/mapped:1/crossreduce:0/sp:1/stage:1/seqflag:1/tpt:1/nodestride:1/features:28/real_time,bench/results/latency/ablation_hdr_100k_2026_06_19/gpu_ablation_path/higgs/n1000/qleaf_gpu_ablation_bt512/summary.json,bench/results/latency/full_regen_2026_06_18/gpu_worker_ablation/higgs/n1000/bt512/worker_bench_cuda.json
higgs,2000,step3,Step 3: Single Poller,traversal,5.071,5.4854480400000005,5.403,6.047,5.528995960947825,0.9171647141392897,0.9921237198841506,126517,BT512,BT512,qleaf/gpu/persistent/compact/bt:512/transposed:1/bitmask:0/cached:0/mapped:1/crossreduce:0/sp:1/stage:1/seqflag:1,cuda/persistent/compact/bt:512/transposed:1/bitmask:0/cached:0/mapped:1/crossreduce:0/sp:1/stage:1/seqflag:1/features:28/real_time,bench/results/latency/ablation_hdr_100k_2026_06_19/gpu_ablation_path/higgs/n2000/qleaf_gpu_ablation_bt512/summary.json,bench/results/latency/full_regen_2026_06_18/gpu_worker_ablation/higgs/n2000/bt512/worker_bench_cuda.json
higgs,2000,step3,Step 3: Single Poller,bitmask,9.215,10.1004076,9.535,12.999,10.048887173491677,0.9170169632622189,1.0051269783030534,70019,BT512/TPT1,BT512/TPT1,qleaf/gpu/persistent/compact/bt:512/transposed:1/bitmask:1/cached:0/mapped:1/crossreduce:0/sp:1/stage:1/seqflag:1/tpt:1/nodestride:1,cuda/persistent/compact/bt:512/transposed:1/bitmask:1/cached:0/mapped:1/crossreduce:0/sp:1/stage:1/seqflag:1/tpt:1/nodestride:1/features:28/real_time,bench/results/latency/ablation_hdr_100k_2026_06_19/gpu_ablation_path/higgs/n2000/qleaf_gpu_ablation_bt512/summary.json,bench/results/latency/full_regen_2026_06_18/gpu_worker_ablation/higgs/n2000/bt512/worker_bench_cuda.json
higgs,5000,step3,Step 3: Single Poller,traversal,6.303,6.9460418,6.667,10.047,7.1351282476017595,0.8833758527211544,0.9734992222928418,97647,BT512,BT512,qleaf/gpu/persistent/compact/bt:512/transposed:1/bitmask:0/cached:0/mapped:1/crossreduce:0/sp:1/stage:1/seqflag:1,cuda/persistent/compact/bt:512/transposed:1/bitmask:0/cached:0/mapped:1/crossreduce:0/sp:1/stage:1/seqflag:1/features:28/real_time,bench/results/latency/ablation_hdr_100k_2026_06_19/gpu_ablation_path/higgs/n5000/qleaf_gpu_ablation_bt512/summary.json,bench/results/latency/full_regen_2026_06_18/gpu_worker_ablation/higgs/n5000/bt512/worker_bench_cuda.json
higgs,5000,step3,Step 3: Single Poller,bitmask,17.791,19.47440832,18.239,28.671,19.067269898291652,0.933064885266768,1.0213527381675562,36058,BT512/TPT1,BT512/TPT1,qleaf/gpu/persistent/compact/bt:512/transposed:1/bitmask:1/cached:0/mapped:1/crossreduce:0/sp:1/stage:1/seqflag:1/tpt:1/nodestride:1,cuda/persistent/compact/bt:512/transposed:1/bitmask:1/cached:0/mapped:1/crossreduce:0/sp:1/stage:1/seqflag:1/tpt:1/nodestride:1/features:28/real_time,bench/results/latency/ablation_hdr_100k_2026_06_19/gpu_ablation_path/higgs/n5000/qleaf_gpu_ablation_bt512/summary.json,bench/results/latency/full_regen_2026_06_18/gpu_worker_ablation/higgs/n5000/bt512/worker_bench_cuda.json
epsilon,500,step3,Step 3: Single Poller,traversal,6.763,7.53632476,7.415,10.751,8.188337506060101,0.8259307820415043,0.92037300055383,86034,BT1024,BT1024,qleaf/gpu/persistent/compact/bt:1024/transposed:1/bitmask:0/cached:0/mapped:1/crossreduce:0/sp:1/stage:1/seqflag:1,cuda/persistent/compact/bt:1024/transposed:1/bitmask:0/cached:0/mapped:1/crossreduce:0/sp:1/stage:1/seqflag:1/features:2000/real_time,bench/results/latency/ablation_hdr_100k_2026_06_19/gpu_ablation_path/epsilon/n500/qleaf_gpu_ablation_bt1024/summary.json,bench/results/latency/full_regen_2026_06_18/gpu_worker_ablation/epsilon/n500/bt1024/worker_bench_cuda.json
epsilon,500,step3,Step 3: Single Poller,bitmask,16.559,18.227018039999997,17.103,29.647,17.74208374527976,0.933317655227813,1.0273324318429764,39859,BT1024/TPT1,BT1024/TPT1,qleaf/gpu/persistent/compact/bt:1024/transposed:1/bitmask:1/cached:0/mapped:1/crossreduce:0/sp:1/stage:1/seqflag:1/tpt:1/nodestride:1,cuda/persistent/compact/bt:1024/transposed:1/bitmask:1/cached:0/mapped:1/crossreduce:0/sp:1/stage:1/seqflag:1/tpt:1/nodestride:1/features:2000/real_time,bench/results/latency/ablation_hdr_100k_2026_06_19/gpu_ablation_path/epsilon/n500/qleaf_gpu_ablation_bt1024/summary.json,bench/results/latency/full_regen_2026_06_18/gpu_worker_ablation/epsilon/n500/bt1024/worker_bench_cuda.json
epsilon,1000,step3,Step 3: Single Poller,traversal,6.971,7.78966154,7.655,10.943,10.195326363562048,0.6837446641153397,0.7640423918002409,69156,BT1024,BT1024,qleaf/gpu/persistent/compact/bt:1024/transposed:1/bitmask:0/cached:0/mapped:1/crossreduce:0/sp:1/stage:1/seqflag:1,cuda/persistent/compact/bt:1024/transposed:1/bitmask:0/cached:0/mapped:1/crossreduce:0/sp:1/stage:1/seqflag:1/features:2000/real_time,bench/results/latency/ablation_hdr_100k_2026_06_19/gpu_ablation_path/epsilon/n1000/qleaf_gpu_ablation_bt1024/summary.json,bench/results/latency/full_regen_2026_06_18/gpu_worker_ablation/epsilon/n1000/bt1024/worker_bench_cuda.json
epsilon,1000,step3,Step 3: Single Poller,bitmask,26.479,29.23668016,27.007,194.559,28.465792689451074,0.9302042029489189,1.0270811875488224,23501,BT1024/TPT1,BT1024/TPT1,qleaf/gpu/persistent/compact/bt:1024/transposed:1/bitmask:1/cached:0/mapped:1/crossreduce:0/sp:1/stage:1/seqflag:1/tpt:1/nodestride:1,cuda/persistent/compact/bt:1024/transposed:1/bitmask:1/cached:0/mapped:1/crossreduce:0/sp:1/stage:1/seqflag:1/tpt:1/nodestride:1/features:2000/real_time,bench/results/latency/ablation_hdr_100k_2026_06_19/gpu_ablation_path/epsilon/n1000/qleaf_gpu_ablation_bt1024/summary.json,bench/results/latency/full_regen_2026_06_18/gpu_worker_ablation/epsilon/n1000/bt1024/worker_bench_cuda.json
epsilon,2000,step3,Step 3: Single Poller,traversal,7.243,8.08938674,7.951,11.527,10.61016395340969,0.6826473211728631,0.7624186370277896,66464,BT1024,BT1024,qleaf/gpu/persistent/compact/bt:1024/transposed:1/bitmask:0/cached:0/mapped:1/crossreduce:0/sp:1/stage:1/seqflag:1,cuda/persistent/compact/bt:1024/transposed:1/bitmask:0/cached:0/mapped:1/crossreduce:0/sp:1/stage:1/seqflag:1/features:2000/real_time,bench/results/latency/ablation_hdr_100k_2026_06_19/gpu_ablation_path/epsilon/n2000/qleaf_gpu_ablation_bt1024/summary.json,bench/results/latency/full_regen_2026_06_18/gpu_worker_ablation/epsilon/n2000/bt1024/worker_bench_cuda.json
epsilon,2000,step3,Step 3: Single Poller,bitmask,26.911,29.703365280000003,27.471,195.839,30.136262294849566,0.8929773618475315,0.9856353448674507,23241,BT1024/TPT1,BT1024/TPT1,qleaf/gpu/persistent/compact/bt:1024/transposed:1/bitmask:1/cached:0/mapped:1/crossreduce:0/sp:1/stage:1/seqflag:1/tpt:1/nodestride:1,cuda/persistent/compact/bt:1024/transposed:1/bitmask:1/cached:0/mapped:1/crossreduce:0/sp:1/stage:1/seqflag:1/tpt:1/nodestride:1/features:2000/real_time,bench/results/latency/ablation_hdr_100k_2026_06_19/gpu_ablation_path/epsilon/n2000/qleaf_gpu_ablation_bt1024/summary.json,bench/results/latency/full_regen_2026_06_18/gpu_worker_ablation/epsilon/n2000/bt1024/worker_bench_cuda.json
epsilon,5000,step3,Step 3: Single Poller,traversal,7.683,8.48305338,8.319,11.287,11.155714901537564,0.6887053019740645,0.7604222100396991,61463,BT1024,BT1024,qleaf/gpu/persistent/compact/bt:1024/transposed:1/bitmask:0/cached:0/mapped:1/crossreduce:0/sp:1/stage:1/seqflag:1,cuda/persistent/compact/bt:1024/transposed:1/bitmask:0/cached:0/mapped:1/crossreduce:0/sp:1/stage:1/seqflag:1/features:2000/real_time,bench/results/latency/ablation_hdr_100k_2026_06_19/gpu_ablation_path/epsilon/n5000/qleaf_gpu_ablation_bt1024/summary.json,bench/results/latency/full_regen_2026_06_18/gpu_worker_ablation/epsilon/n5000/bt1024/worker_bench_cuda.json
epsilon,5000,step3,Step 3: Single Poller,bitmask,31.071,33.70948848,32.175,51.935,33.19889626682872,0.9359046081012385,1.0153797948301506,20678,BT1024/TPT1,BT1024/TPT1,qleaf/gpu/persistent/compact/bt:1024/transposed:1/bitmask:1/cached:0/mapped:1/crossreduce:0/sp:1/stage:1/seqflag:1/tpt:1/nodestride:1,cuda/persistent/compact/bt:1024/transposed:1/bitmask:1/cached:0/mapped:1/crossreduce:0/sp:1/stage:1/seqflag:1/tpt:1/nodestride:1/features:2000/real_time,bench/results/latency/ablation_hdr_100k_2026_06_19/gpu_ablation_path/epsilon/n5000/qleaf_gpu_ablation_bt1024/summary.json,bench/results/latency/full_regen_2026_06_18/gpu_worker_ablation/epsilon/n5000/bt1024/worker_bench_cuda.json
higgs,500,step4,Step 4: Sentinel Signal,traversal,4.057,4.48003162,4.347,4.763,4.433012213599401,0.915179071141314,1.01060664941467,154500,BT512,BT512,qleaf/gpu/persistent/compact/bt:512/transposed:1/bitmask:0/cached:0/mapped:1/crossreduce:0/sp:1/stage:1/seqflag:0,cuda/persistent/compact/bt:512/transposed:1/bitmask:0/cached:0/mapped:1/crossreduce:0/sp:1/stage:1/seqflag:0/features:28/real_time,bench/results/latency/ablation_hdr_100k_2026_06_19/gpu_ablation_path/higgs/n500/qleaf_gpu_ablation_bt512/summary.json,bench/results/latency/full_regen_2026_06_18/gpu_worker_ablation/higgs/n500/bt512/worker_bench_cuda.json
higgs,500,step4,Step 4: Sentinel Signal,bitmask,9.519,10.48397132,9.775,15.503,9.939968754012156,0.957648885582036,1.0547288004067683,69481,BT512/TPT1,BT512/TPT1,qleaf/gpu/persistent/compact/bt:512/transposed:1/bitmask:1/cached:0/mapped:1/crossreduce:0/sp:1/stage:1/seqflag:0/tpt:1/nodestride:1,cuda/persistent/compact/bt:512/transposed:1/bitmask:1/cached:0/mapped:1/crossreduce:0/sp:1/stage:1/seqflag:0/tpt:1/nodestride:1/features:28/real_time,bench/results/latency/ablation_hdr_100k_2026_06_19/gpu_ablation_path/higgs/n500/qleaf_gpu_ablation_bt512/summary.json,bench/results/latency/full_regen_2026_06_18/gpu_worker_ablation/higgs/n500/bt512/worker_bench_cuda.json
higgs,1000,step4,Step 4: Sentinel Signal,traversal,4.163,4.6116470099999995,4.719,5.323,4.524521097683101,0.920097378290881,1.0192563832582224,150490,BT512,BT512,qleaf/gpu/persistent/compact/bt:512/transposed:1/bitmask:0/cached:0/mapped:1/crossreduce:0/sp:1/stage:1/seqflag:0,cuda/persistent/compact/bt:512/transposed:1/bitmask:0/cached:0/mapped:1/crossreduce:0/sp:1/stage:1/seqflag:0/features:28/real_time,bench/results/latency/ablation_hdr_100k_2026_06_19/gpu_ablation_path/higgs/n1000/qleaf_gpu_ablation_bt512/summary.json,bench/results/latency/full_regen_2026_06_18/gpu_worker_ablation/higgs/n1000/bt512/worker_bench_cuda.json
higgs,1000,step4,Step 4: Sentinel Signal,bitmask,9.511,10.30968,9.759,13.143,10.065549491077322,0.9449061880259089,1.0242540667192674,67497,BT512/TPT1,BT512/TPT1,qleaf/gpu/persistent/compact/bt:512/transposed:1/bitmask:1/cached:0/mapped:1/crossreduce:0/sp:1/stage:1/seqflag:0/tpt:1/nodestride:1,cuda/persistent/compact/bt:512/transposed:1/bitmask:1/cached:0/mapped:1/crossreduce:0/sp:1/stage:1/seqflag:0/tpt:1/nodestride:1/features:28/real_time,bench/results/latency/ablation_hdr_100k_2026_06_19/gpu_ablation_path/higgs/n1000/qleaf_gpu_ablation_bt512/summary.json,bench/results/latency/full_regen_2026_06_18/gpu_worker_ablation/higgs/n1000/bt512/worker_bench_cuda.json
higgs,2000,step4,Step 4: Sentinel Signal,traversal,4.815,5.179390929999999,5.067,5.747,4.662320189535495,1.0327476029654061,1.1109041677628795,143768,BT512,BT512,qleaf/gpu/persistent/compact/bt:512/transposed:1/bitmask:0/cached:0/mapped:1/crossreduce:0/sp:1/stage:1/seqflag:0,cuda/persistent/compact/bt:512/transposed:1/bitmask:0/cached:0/mapped:1/crossreduce:0/sp:1/stage:1/seqflag:0/features:28/real_time,bench/results/latency/ablation_hdr_100k_2026_06_19/gpu_ablation_path/higgs/n2000/qleaf_gpu_ablation_bt512/summary.json,bench/results/latency/full_regen_2026_06_18/gpu_worker_ablation/higgs/n2000/bt512/worker_bench_cuda.json
higgs,2000,step4,Step 4: Sentinel Signal,bitmask,9.327,10.24400468,9.527,12.879,9.922200851601009,0.9400132228219338,1.0324327065347672,72103,BT512/TPT1,BT512/TPT1,qleaf/gpu/persistent/compact/bt:512/transposed:1/bitmask:1/cached:0/mapped:1/crossreduce:0/sp:1/stage:1/seqflag:0/tpt:1/nodestride:1,cuda/persistent/compact/bt:512/transposed:1/bitmask:1/cached:0/mapped:1/crossreduce:0/sp:1/stage:1/seqflag:0/tpt:1/nodestride:1/features:28/real_time,bench/results/latency/ablation_hdr_100k_2026_06_19/gpu_ablation_path/higgs/n2000/qleaf_gpu_ablation_bt512/summary.json,bench/results/latency/full_regen_2026_06_18/gpu_worker_ablation/higgs/n2000/bt512/worker_bench_cuda.json
higgs,5000,step4,Step 4: Sentinel Signal,traversal,5.539,6.1869258600000006,6.151,7.183,6.528551690553938,0.8484270727325778,0.9476720340518663,105561,BT512,BT512,qleaf/gpu/persistent/compact/bt:512/transposed:1/bitmask:0/cached:0/mapped:1/crossreduce:0/sp:1/stage:1/seqflag:0,cuda/persistent/compact/bt:512/transposed:1/bitmask:0/cached:0/mapped:1/crossreduce:0/sp:1/stage:1/seqflag:0/features:28/real_time,bench/results/latency/ablation_hdr_100k_2026_06_19/gpu_ablation_path/higgs/n5000/qleaf_gpu_ablation_bt512/summary.json,bench/results/latency/full_regen_2026_06_18/gpu_worker_ablation/higgs/n5000/bt512/worker_bench_cuda.json
higgs,5000,step4,Step 4: Sentinel Signal,bitmask,17.583,19.26059864,18.047,28.511,18.913638075215346,0.9296466354107182,1.0183444646347186,36538,BT512/TPT1,BT512/TPT1,qleaf/gpu/persistent/compact/bt:512/transposed:1/bitmask:1/cached:0/mapped:1/crossreduce:0/sp:1/stage:1/seqflag:0/tpt:1/nodestride:1,cuda/persistent/compact/bt:512/transposed:1/bitmask:1/cached:0/mapped:1/crossreduce:0/sp:1/stage:1/seqflag:0/tpt:1/nodestride:1/features:28/real_time,bench/results/latency/ablation_hdr_100k_2026_06_19/gpu_ablation_path/higgs/n5000/qleaf_gpu_ablation_bt512/summary.json,bench/results/latency/full_regen_2026_06_18/gpu_worker_ablation/higgs/n5000/bt512/worker_bench_cuda.json
epsilon,500,step4,Step 4: Sentinel Signal,traversal,6.571,7.3725571,7.291,10.903,7.991484372302558,0.8222502471223279,0.9225516507987328,87920,BT1024,BT1024,qleaf/gpu/persistent/compact/bt:1024/transposed:1/bitmask:0/cached:0/mapped:1/crossreduce:0/sp:1/stage:1/seqflag:0,cuda/persistent/compact/bt:1024/transposed:1/bitmask:0/cached:0/mapped:1/crossreduce:0/sp:1/stage:1/seqflag:0/features:2000/real_time,bench/results/latency/ablation_hdr_100k_2026_06_19/gpu_ablation_path/epsilon/n500/qleaf_gpu_ablation_bt1024/summary.json,bench/results/latency/full_regen_2026_06_18/gpu_worker_ablation/epsilon/n500/bt1024/worker_bench_cuda.json
epsilon,500,step4,Step 4: Sentinel Signal,bitmask,16.735,18.47871868,17.295,29.759,17.589927742522985,0.9513967450556247,1.0505284018494514,38349,BT1024/TPT1,BT1024/TPT1,qleaf/gpu/persistent/compact/bt:1024/transposed:1/bitmask:1/cached:0/mapped:1/crossreduce:0/sp:1/stage:1/seqflag:0/tpt:1/nodestride:1,cuda/persistent/compact/bt:1024/transposed:1/bitmask:1/cached:0/mapped:1/crossreduce:0/sp:1/stage:1/seqflag:0/tpt:1/nodestride:1/features:2000/real_time,bench/results/latency/ablation_hdr_100k_2026_06_19/gpu_ablation_path/epsilon/n500/qleaf_gpu_ablation_bt1024/summary.json,bench/results/latency/full_regen_2026_06_18/gpu_worker_ablation/epsilon/n500/bt1024/worker_bench_cuda.json
epsilon,1000,step4,Step 4: Sentinel Signal,traversal,6.879,7.72965066,7.619,10.759,10.053983736844527,0.6842063981853023,0.76881471686426,70282,BT1024,BT1024,qleaf/gpu/persistent/compact/bt:1024/transposed:1/bitmask:0/cached:0/mapped:1/crossreduce:0/sp:1/stage:1/seqflag:0,cuda/persistent/compact/bt:1024/transposed:1/bitmask:0/cached:0/mapped:1/crossreduce:0/sp:1/stage:1/seqflag:0/features:2000/real_time,bench/results/latency/ablation_hdr_100k_2026_06_19/gpu_ablation_path/epsilon/n1000/qleaf_gpu_ablation_bt1024/summary.json,bench/results/latency/full_regen_2026_06_18/gpu_worker_ablation/epsilon/n1000/bt1024/worker_bench_cuda.json
epsilon,1000,step4,Step 4: Sentinel Signal,bitmask,26.575,29.35420176,27.055,194.815,28.15702599940589,0.9438141656210685,1.0425178341142765,24001,BT1024/TPT1,BT1024/TPT1,qleaf/gpu/persistent/compact/bt:1024/transposed:1/bitmask:1/cached:0/mapped:1/crossreduce:0/sp:1/stage:1/seqflag:0/tpt:1/nodestride:1,cuda/persistent/compact/bt:1024/transposed:1/bitmask:1/cached:0/mapped:1/crossreduce:0/sp:1/stage:1/seqflag:0/tpt:1/nodestride:1/features:2000/real_time,bench/results/latency/ablation_hdr_100k_2026_06_19/gpu_ablation_path/epsilon/n1000/qleaf_gpu_ablation_bt1024/summary.json,bench/results/latency/full_regen_2026_06_18/gpu_worker_ablation/epsilon/n1000/bt1024/worker_bench_cuda.json
epsilon,2000,step4,Step 4: Sentinel Signal,traversal,6.867,7.75729326,7.859,10.935,10.077584077440697,0.6814133176395134,0.7697572355030197,67539,BT1024,BT1024,qleaf/gpu/persistent/compact/bt:1024/transposed:1/bitmask:0/cached:0/mapped:1/crossreduce:0/sp:1/stage:1/seqflag:0,cuda/persistent/compact/bt:1024/transposed:1/bitmask:0/cached:0/mapped:1/crossreduce:0/sp:1/stage:1/seqflag:0/features:2000/real_time,bench/results/latency/ablation_hdr_100k_2026_06_19/gpu_ablation_path/epsilon/n2000/qleaf_gpu_ablation_bt1024/summary.json,bench/results/latency/full_regen_2026_06_18/gpu_worker_ablation/epsilon/n2000/bt1024/worker_bench_cuda.json
epsilon,2000,step4,Step 4: Sentinel Signal,bitmask,27.103,29.9524868,27.791,195.967,29.12055091412397,0.9307172820983471,1.0285686863661816,23147,BT1024/TPT1,BT1024/TPT1,qleaf/gpu/persistent/compact/bt:1024/transposed:1/bitmask:1/cached:0/mapped:1/crossreduce:0/sp:1/stage:1/seqflag:0/tpt:1/nodestride:1,cuda/persistent/compact/bt:1024/transposed:1/bitmask:1/cached:0/mapped:1/crossreduce:0/sp:1/stage:1/seqflag:0/tpt:1/nodestride:1/features:2000/real_time,bench/results/latency/ablation_hdr_100k_2026_06_19/gpu_ablation_path/epsilon/n2000/qleaf_gpu_ablation_bt1024/summary.json,bench/results/latency/full_regen_2026_06_18/gpu_worker_ablation/epsilon/n2000/bt1024/worker_bench_cuda.json
epsilon,5000,step4,Step 4: Sentinel Signal,traversal,7.355,8.21439882,8.855,11.767,10.665851302417407,0.6895839620727692,0.7701587606174682,63841,BT1024,BT1024,qleaf/gpu/persistent/compact/bt:1024/transposed:1/bitmask:0/cached:0/mapped:1/crossreduce:0/sp:1/stage:1/seqflag:0,cuda/persistent/compact/bt:1024/transposed:1/bitmask:0/cached:0/mapped:1/crossreduce:0/sp:1/stage:1/seqflag:0/features:2000/real_time,bench/results/latency/ablation_hdr_100k_2026_06_19/gpu_ablation_path/epsilon/n5000/qleaf_gpu_ablation_bt1024/summary.json,bench/results/latency/full_regen_2026_06_18/gpu_worker_ablation/epsilon/n5000/bt1024/worker_bench_cuda.json
epsilon,5000,step4,Step 4: Sentinel Signal,bitmask,30.927,33.657509919999995,31.951,56.351,32.98410040896927,0.9376335754662605,1.0204161854554508,20785,BT1024/TPT1,BT1024/TPT1,qleaf/gpu/persistent/compact/bt:1024/transposed:1/bitmask:1/cached:0/mapped:1/crossreduce:0/sp:1/stage:1/seqflag:0/tpt:1/nodestride:1,cuda/persistent/compact/bt:1024/transposed:1/bitmask:1/cached:0/mapped:1/crossreduce:0/sp:1/stage:1/seqflag:0/tpt:1/nodestride:1/features:2000/real_time,bench/results/latency/ablation_hdr_100k_2026_06_19/gpu_ablation_path/epsilon/n5000/qleaf_gpu_ablation_bt1024/summary.json,bench/results/latency/full_regen_2026_06_18/gpu_worker_ablation/epsilon/n5000/bt1024/worker_bench_cuda.json
higgs,500,step5,Step 5: Tuned Bitmask,bitmask,4.275,4.65487257,4.459,4.943,4.583518086855859,0.9326896761375078,1.0155676233391038,151602,BT512/TPT8,BT512/TPT8,qleaf/gpu/persistent/compact/bt:512/transposed:1/bitmask:1/cached:0/mapped:1/crossreduce:0/sp:1/stage:1/seqflag:0/tpt:8/nodestride:1,cuda/persistent/compact/bt:512/transposed:1/bitmask:1/cached:0/mapped:1/crossreduce:0/sp:1/stage:1/seqflag:0/tpt:8/nodestride:1/features:28/real_time,bench/results/latency/ablation_hdr_100k_2026_06_19/gpu_ablation_tpt/higgs/n500/qleaf_gpu_bitmask-tpt_bt512/summary.json,bench/results/latency/full_regen_2026_06_18/gpu_worker_ablation/higgs/n500/bt512/worker_bench_cuda.json
higgs,1000,step5,Step 5: Tuned Bitmask,bitmask,4.539,5.01853449,4.687,5.999,5.085002514883019,0.8926249272670064,0.9869286151406067,139970,BT512/TPT16,BT512/TPT8,qleaf/gpu/persistent/compact/bt:512/transposed:1/bitmask:1/cached:0/mapped:1/crossreduce:0/sp:1/stage:1/seqflag:0/tpt:16/nodestride:1,cuda/persistent/compact/bt:512/transposed:1/bitmask:1/cached:0/mapped:1/crossreduce:0/sp:1/stage:1/seqflag:0/tpt:8/nodestride:1/features:28/real_time,bench/results/latency/ablation_hdr_100k_2026_06_19/gpu_ablation_tpt/higgs/n1000/qleaf_gpu_bitmask-tpt_bt512/summary.json,bench/results/latency/full_regen_2026_06_18/gpu_worker_ablation/higgs/n1000/bt512/worker_bench_cuda.json
higgs,2000,step5,Step 5: Tuned Bitmask,bitmask,5.415,5.98048814,5.643,6.951,5.615788914134046,0.964245644342384,1.0649417617795542,127910,BT512/TPT4,BT512/TPT8,qleaf/gpu/persistent/compact/bt:512/transposed:1/bitmask:1/cached:0/mapped:1/crossreduce:0/sp:1/stage:1/seqflag:0/tpt:4/nodestride:1,cuda/persistent/compact/bt:512/transposed:1/bitmask:1/cached:0/mapped:1/crossreduce:0/sp:1/stage:1/seqflag:0/tpt:8/nodestride:1/features:28/real_time,bench/results/latency/ablation_hdr_100k_2026_06_19/gpu_ablation_tpt/higgs/n2000/qleaf_gpu_bitmask-tpt_bt512/summary.json,bench/results/latency/full_regen_2026_06_18/gpu_worker_ablation/higgs/n2000/bt512/worker_bench_cuda.json
higgs,5000,step5,Step 5: Tuned Bitmask,bitmask,11.111,12.38366636,11.599,18.527,12.16707266560097,0.913202403353214,1.0178016274211454,55845,BT512/TPT4,BT512/TPT8,qleaf/gpu/persistent/compact/bt:512/transposed:1/bitmask:1/cached:0/mapped:1/crossreduce:0/sp:1/stage:1/seqflag:0/tpt:4/nodestride:1,cuda/persistent/compact/bt:512/transposed:1/bitmask:1/cached:0/mapped:1/crossreduce:0/sp:1/stage:1/seqflag:0/tpt:8/nodestride:1/features:28/real_time,bench/results/latency/ablation_hdr_100k_2026_06_19/gpu_ablation_tpt/higgs/n5000/qleaf_gpu_bitmask-tpt_bt512/summary.json,bench/results/latency/full_regen_2026_06_18/gpu_worker_ablation/higgs/n5000/bt512/worker_bench_cuda.json
epsilon,500,step5,Step 5: Tuned Bitmask,bitmask,7.275,8.61698258,9.159,13.655,7.7476787377084655,0.938990921834703,1.112201844155021,89581,BT1024/TPT16,BT1024/TPT16,qleaf/gpu/persistent/compact/bt:1024/transposed:1/bitmask:1/cached:0/mapped:1/crossreduce:0/sp:1/stage:1/seqflag:0/tpt:16/nodestride:1,cuda/persistent/compact/bt:1024/transposed:1/bitmask:1/cached:0/mapped:1/crossreduce:0/sp:1/stage:1/seqflag:0/tpt:16/nodestride:1/features:2000/real_time,bench/results/latency/ablation_hdr_100k_2026_06_19/gpu_ablation_tpt/epsilon/n500/qleaf_gpu_bitmask-tpt_bt1024/summary.json,bench/results/latency/full_regen_2026_06_18/gpu_worker_ablation/epsilon/n500/bt1024/worker_bench_cuda.json
epsilon,1000,step5,Step 5: Tuned Bitmask,bitmask,8.623,9.5408382,9.887,12.519,9.794431514195153,0.8803982127500316,0.9741084192760326,71358,BT1024/TPT8,BT1024/TPT8,qleaf/gpu/persistent/compact/bt:1024/transposed:1/bitmask:1/cached:0/mapped:1/crossreduce:0/sp:1/stage:1/seqflag:0/tpt:8/nodestride:1,cuda/persistent/compact/bt:1024/transposed:1/bitmask:1/cached:0/mapped:1/crossreduce:0/sp:1/stage:1/seqflag:0/tpt:8/nodestride:1/features:2000/real_time,bench/results/latency/ablation_hdr_100k_2026_06_19/gpu_ablation_tpt/epsilon/n1000/qleaf_gpu_bitmask-tpt_bt1024/summary.json,bench/results/latency/full_regen_2026_06_18/gpu_worker_ablation/epsilon/n1000/bt1024/worker_bench_cuda.json
epsilon,2000,step5,Step 5: Tuned Bitmask,bitmask,9.567,10.70512852,10.015,17.775,9.705514004485435,0.9857283185185843,1.1029944951965027,69513,BT1024/TPT4,BT1024/TPT8,qleaf/gpu/persistent/compact/bt:1024/transposed:1/bitmask:1/cached:0/mapped:1/crossreduce:0/sp:1/stage:1/seqflag:0/tpt:4/nodestride:1,cuda/persistent/compact/bt:1024/transposed:1/bitmask:1/cached:0/mapped:1/crossreduce:0/sp:1/stage:1/seqflag:0/tpt:8/nodestride:1/features:2000/real_time,bench/results/latency/ablation_hdr_100k_2026_06_19/gpu_ablation_tpt/epsilon/n2000/qleaf_gpu_bitmask-tpt_bt1024/summary.json,bench/results/latency/full_regen_2026_06_18/gpu_worker_ablation/epsilon/n2000/bt1024/worker_bench_cuda.json
epsilon,5000,step5,Step 5: Tuned Bitmask,bitmask,13.143,14.81396688,13.823,26.639,14.843021986685345,0.8854665856986321,0.9980425073336543,45300,BT1024/TPT2,BT1024/TPT4,qleaf/gpu/persistent/compact/bt:1024/transposed:1/bitmask:1/cached:0/mapped:1/crossreduce:0/sp:1/stage:1/seqflag:0/tpt:2/nodestride:1,cuda/persistent/compact/bt:1024/transposed:1/bitmask:1/cached:0/mapped:1/crossreduce:0/sp:1/stage:1/seqflag:0/tpt:4/nodestride:1/features:2000/real_time,bench/results/latency/ablation_hdr_100k_2026_06_19/gpu_ablation_tpt/epsilon/n5000/qleaf_gpu_bitmask-tpt_bt1024/summary.json,bench/results/latency/full_regen_2026_06_18/gpu_worker_ablation/epsilon/n5000/bt1024/worker_bench_cuda.json
